srcip,sport,dstip,dsport,proto,state,dur,sbytes,dbytes,sttl,dttl,sloss,dloss,service,Sload,Dload,Spkts,Dpkts,dwin,stcpb,dtcpb,smeansz,dmeansz,trans_depth,res_bdy_len,Sjit,Djit,Ltime,Sintpkt,Dintpkt,tcprtt,synack,ackdat,is_sm_ips_ports,ct_state_ttl,ct_flw_http_mthd,is_ftp_login,ct_ftp_cmd,ct_srv_src,ct_srv_dst,ct_dst_ltm,ct_src_ ltm,ct_src_dport_ltm,ct_dst_sport_ltm,ct_dst_src_ltm,Actual Label,Predicted Label
175.45.176.3,9509,149.171.126.14,80,tcp,FIN,1.985191,68187,612,254,252,27,1,http,270204.7188,2292.978271,60,14,255,1199188021,1717510287,1136,44,0,0,3812.882622,261.663469,1421928095,32.915593,138.200687,0.289685,0.188578,0.101107,0,1,0,0,0,2,1,1,2,1,1,1,0,1
175.45.176.0,1260,149.171.126.12,3306,tcp,FIN,0.587018,608,646,254,252,2,3,-,7468.254883,7931.613281,10,10,255,3137950455,3060098035,61,65,0,0,3416.268343,76.674391,1421931353,65.224222,61.638223,0.096547,0.031567,0.06498,0,1,0,0,0,2,5,2,1,1,1,1,0,1
175.45.176.1,41417,149.171.126.13,520,udp,INT,52.377636,156,0,254,0,0,0,-,17.870222,0.0,4,0,0,0,0,39,0,0,0,24691.044,0.0,1421928776,17459.212,0.0,0.0,0.0,0.0,0,2,0,0,0,14,5,1,6,1,1,1,1,0
175.45.176.3,45700,149.171.126.17,514,udp,INT,1.1e-05,424,0,254,0,0,0,-,154181824.0,0.0,2,0,0,0,0,212,0,0,0,0.0,0.0,1421933317,0.011,0.0,0.0,0.0,0.0,0,2,0,0,0,8,2,1,3,1,1,1,1,0
175.45.176.3,2142,149.171.126.14,445,tcp,FIN,0.729771,1014,842,254,252,3,2,-,10194.97852,8309.456055,12,10,255,1290844120,2221154930,85,84,0,0,4210.790053,130.055617,1421932197,65.121,77.092891,0.1261,0.035924,0.090176,0,1,0,0,0,4,5,2,2,2,1,2,1,0
175.45.176.0,11184,149.171.126.10,179,tcp,FIN,0.875111,534,268,254,252,2,1,-,4397.156738,2047.740234,10,6,255,2891035592,678320896,53,45,0,0,5074.851059,297.328094,1421931540,95.028778,166.499797,0.185653,0.042599,0.143054,0,1,0,0,0,6,3,1,2,1,1,1,0,1
175.45.176.1,27660,149.171.126.14,80,tcp,FIN,1.003986,1478,268,254,252,2,1,http,10605.72559,1784.885498,10,6,255,406160579,3279560362,148,45,0,0,7634.903545,352.194625,1421928524,109.259778,187.633797,0.111055,0.06581,0.045245,0,1,0,0,0,1,1,2,1,1,1,1,0,1
175.45.176.2,63758,149.171.126.10,179,tcp,FIN,0.6964,534,268,254,252,2,1,-,5525.560059,2573.233887,10,6,255,3214499808,3159138684,53,45,0,0,4258.624365,211.514703,1421930717,73.009333,124.673602,0.115698,0.073022,0.042676,0,1,0,0,0,2,2,1,1,1,1,1,1,0
175.45.176.2,37135,149.171.126.12,69,udp,INT,4e-06,1150,0,254,0,0,0,-,1150000000.0,0.0,2,0,0,0,0,575,0,0,0,0.0,0.0,1421931318,0.004,0.0,0.0,0.0,0.0,0,2,0,0,0,3,5,2,1,1,1,1,1,0
175.45.176.0,64091,149.171.126.11,179,tcp,FIN,0.549129,2322,268,254,252,2,1,-,30448.21875,3263.349609,10,6,255,1749041147,151358722,232,45,0,0,2755.823929,134.427875,1421928658,52.345556,94.537602,0.172,0.076439,0.095561,0,1,0,0,0,6,4,1,1,1,1,1,0,1
175.45.176.0,62541,149.171.126.13,520,udp,INT,1.2e-05,1064,0,254,0,0,0,-,354666656.0,0.0,2,0,0,0,0,532,0,0,0,0.0,0.0,1421930086,0.012,0.0,0.0,0.0,0.0,0,2,0,0,0,35,35,1,1,1,1,1,1,0
175.45.176.0,65532,149.171.126.10,80,tcp,FIN,1.049109,504,354,254,252,2,1,http,3461.985352,2363.910645,10,8,255,3788270195,114733846,50,44,0,0,6795.186787,228.821937,1421930742,116.567667,138.408578,0.157819,0.079627,0.078192,0,1,0,0,0,1,1,1,1,1,1,1,0,1
175.45.176.3,23935,149.171.126.15,179,tcp,FIN,0.798196,906,642,254,252,5,3,-,8519.210938,5903.312012,16,12,255,4269196089,2005697585,57,54,0,0,3160.090807,107.712531,1421930352,51.322468,68.976,0.091478,0.03945,0.052028,0,1,0,0,0,5,6,1,1,1,1,1,1,0
175.45.176.3,62462,149.171.126.15,179,tcp,FIN,1.509247,904,556,254,252,5,3,-,4494.957031,2655.62915,16,10,255,508071837,2459863995,57,56,0,0,5408.280274,218.185781,1421930349,100.616464,156.600328,0.199618,0.099089,0.100529,0,1,0,0,0,5,5,2,2,1,1,2,1,0
175.45.176.1,63775,149.171.126.18,8080,tcp,FIN,1.280052,2064,2294,254,252,2,2,-,11612.02832,12549.49023,10,8,255,3272666524,1937666554,206,287,0,0,7812.033993,302.815844,1421928152,142.162333,164.063859,0.201188,0.131603,0.069585,0,1,0,0,0,7,1,1,4,1,1,1,1,0
175.45.176.2,54150,149.171.126.18,520,udp,INT,4e-06,104,0,254,0,0,0,-,104000000.0,0.0,2,0,0,0,0,52,0,0,0,0.0,0.0,1421933304,0.004,0.0,0.0,0.0,0.0,0,2,0,0,0,4,4,2,2,1,1,1,0,1
175.45.176.3,17282,149.171.126.13,445,tcp,FIN,2.053772,1076,826,254,252,3,2,-,3844.633301,2898.082275,12,10,255,3964169791,1940328409,90,83,0,0,10877.55992,373.822781,1421927953,183.198267,219.520328,0.238496,0.078079,0.160417,0,1,0,0,0,3,2,1,3,1,1,1,0,1
175.45.176.0,12271,149.171.126.15,445,tcp,FIN,1.28366,994,722,254,252,3,2,-,5683.747559,3938.737549,12,8,255,2357506844,1123428610,83,90,0,0,5889.981983,248.184297,1421927966,111.19182,168.633141,0.204291,0.103224,0.101067,0,1,0,0,0,4,2,1,2,1,1,1,1,0
149.171.126.15,13005,175.45.176.3,31459,tcp,FIN,1.693212,364,359,252,254,1,2,-,1507.19458,1488.295532,8,8,255,2091652201,1684169220,46,45,0,0,17812.87474,519.239875,1421932692,241.887429,227.553719,0.158309,0.085871,0.072438,0,0,0,0,0,1,1,1,1,1,1,1,0,1
175.45.176.0,30076,149.171.126.10,520,udp,INT,1e-05,104,0,254,0,0,0,-,41600000.0,0.0,2,0,0,0,0,52,0,0,0,0.0,0.0,1421928564,0.01,0.0,0.0,0.0,0.0,0,2,0,0,0,5,5,1,1,1,1,1,1,0
175.45.176.3,19502,149.171.126.13,514,udp,INT,1e-05,144,0,254,0,0,0,-,57600000.0,0.0,2,0,0,0,0,72,0,0,0,0.0,0.0,1421932392,0.01,0.0,0.0,0.0,0.0,0,2,0,0,0,14,7,1,2,1,1,1,0,1
175.45.176.0,29746,149.171.126.10,520,udp,INT,1e-06,104,0,254,0,0,0,-,416000000.0,0.0,2,0,0,0,0,52,0,0,0,0.0,0.0,1421928404,0.001,0.0,0.0,0.0,0.0,0,2,0,0,0,3,2,1,1,1,1,1,1,0
175.45.176.1,1506,149.171.126.11,179,tcp,FIN,0.731045,29100,642,254,252,14,3,-,309091.7813,6445.567383,34,12,255,1642217305,892967886,856,54,0,0,1614.854148,73.068062,1421929877,20.15997,60.747547,0.121032,0.062815,0.058217,0,1,0,0,0,5,5,1,1,1,1,1,0,1
175.45.176.1,2314,149.171.126.11,445,tcp,FIN,1.083264,986,738,254,252,3,2,-,6676.119629,4770.76709,12,8,255,3941032485,2585325090,82,92,0,0,5513.062259,181.457391,1421928000,98.30418,136.067141,0.216618,0.130787,0.085831,0,1,0,0,0,4,1,1,3,2,1,1,0,1
175.45.176.1,28108,149.171.126.11,179,tcp,FIN,0.844152,27432,850,254,252,12,4,-,251310.2031,7553.14209,30,16,255,2516932995,460345789,914,53,0,0,2504.042791,84.470797,1421929828,29.108689,52.299934,0.113359,0.058882,0.054477,0,1,0,0,0,5,5,1,1,1,1,1,1,0
175.45.176.2,55336,149.171.126.18,520,udp,INT,2e-06,104,0,254,0,0,0,-,208000000.0,0.0,2,0,0,0,0,52,0,0,0,0.0,0.0,1421933146,0.002,0.0,0.0,0.0,0.0,0,2,0,0,0,5,3,1,1,1,1,1,1,0
175.45.176.0,38479,149.171.126.15,179,tcp,FIN,0.998654,34230,440,254,252,14,1,-,266150.25,3172.269775,34,10,255,1268218431,3986187552,1007,44,0,0,2507.179962,151.612406,1421931684,29.026455,98.291445,0.176984,0.114029,0.062955,0,1,0,0,0,7,4,1,2,2,1,1,0,1
175.45.176.3,58031,149.171.126.18,1723,tcp,FIN,2.904539,2516,354,254,252,2,1,-,6238.51123,853.835999,10,8,255,1988642644,4283790253,252,44,0,0,22386.81179,633.639937,1421933110,322.633111,399.170281,0.282844,0.110336,0.172508,0,1,0,0,0,10,2,4,4,1,1,1,0,1
175.45.176.0,7830,149.171.126.17,179,tcp,FIN,1.378113,534,268,254,252,2,1,-,2792.223877,1300.328735,10,6,255,2311241832,1894207616,53,45,0,0,9289.284777,444.478625,1421933454,153.012222,261.635,0.162228,0.069929,0.092299,0,1,0,0,0,5,3,1,1,1,1,1,0,1
175.45.176.0,57402,149.171.126.14,21554,tcp,FIN,0.71502,539,444,254,252,2,2,-,5538.306641,4352.325684,12,8,255,1914746660,138581673,45,56,0,0,4036.616408,147.470797,1421932622,65.001818,94.30843,0.10283,0.024016,0.078814,0,1,0,0,0,2,2,1,2,1,1,1,1,0
175.45.176.0,4987,149.171.126.11,179,tcp,FIN,0.699829,558,354,254,252,2,1,-,5749.976074,3543.7229,10,8,255,3827176395,628567271,56,44,0,0,4704.552279,122.329453,1421928629,73.014556,83.59243,0.151021,0.114676,0.036345,0,1,0,0,0,7,5,1,2,1,1,1,1,0
175.45.176.0,34065,149.171.126.10,520,udp,INT,1e-05,104,0,254,0,0,0,-,41600000.0,0.0,2,0,0,0,0,52,0,0,0,0.0,0.0,1421928398,0.01,0.0,0.0,0.0,0.0,0,2,0,0,0,4,4,1,1,1,1,1,1,0
175.45.176.2,50518,149.171.126.10,179,tcp,FIN,0.634753,534,268,254,252,2,1,-,6062.200684,2823.145508,10,6,255,1380649654,2147025055,53,45,0,0,3604.592898,160.076141,1421930907,70.425667,104.222602,0.159708,0.113635,0.046073,0,1,0,0,0,4,4,2,2,2,2,2,1,0
175.45.176.0,13324,149.171.126.10,179,tcp,FIN,0.98407,534,354,254,252,2,1,-,3910.291016,2520.145996,10,8,255,1471887071,3785415929,53,44,0,0,5858.525283,230.175391,1421931529,109.341111,129.901,0.184385,0.074461,0.109924,0,1,0,0,0,5,3,1,2,1,1,1,0,1
175.45.176.0,2288,149.171.126.12,3306,tcp,FIN,0.743501,608,646,254,252,2,3,-,5896.427734,6262.264648,10,10,255,1572303397,2818876593,61,65,0,0,4292.920508,104.101883,1421931317,82.611222,73.722,0.148583,0.066958,0.081625,0,1,0,0,0,2,5,2,1,1,1,1,1,0
175.45.176.0,64888,149.171.126.15,21,tcp,FIN,0.889568,576,682,254,252,3,4,ftp,4748.372559,5629.699219,12,12,255,4262475488,3643561675,48,57,0,0,4790.774966,121.002437,1421930993,80.869821,69.447633,0.128461,0.06544,0.063021,0,1,0,0,0,4,4,1,2,1,1,1,1,0
175.45.176.0,3164,149.171.126.18,80,tcp,FIN,0.525636,1344,1312,62,252,2,2,-,18415.78516,17472.16602,10,8,255,4198107935,600589090,134,164,0,0,2987.199341,129.213875,1421933549,58.404,66.46,0.082423,0.020938,0.061485,0,1,0,0,0,3,2,1,1,1,1,1,1,0
175.45.176.0,37362,149.171.126.17,179,tcp,FIN,0.596491,574,268,254,252,2,1,-,6933.885254,3004.236572,10,6,255,1397244811,2239754664,57,45,0,0,3339.392208,160.019516,1421928876,62.754556,106.729398,0.132759,0.06284,0.069919,0,1,0,0,0,1,1,1,1,1,1,1,0,1
175.45.176.3,1029,149.171.126.17,514,udp,INT,1.4e-05,230,0,254,0,0,0,-,65714284.0,0.0,2,0,0,0,0,115,0,0,0,0.0,0.0,1421933415,0.014,0.0,0.0,0.0,0.0,0,2,0,0,0,3,5,2,1,1,1,1,0,1
175.45.176.0,61726,149.171.126.13,520,udp,INT,9e-06,1066,0,254,0,0,0,-,473777760.0,0.0,2,0,0,0,0,533,0,0,0,0.0,0.0,1421930101,0.009,0.0,0.0,0.0,0.0,0,2,0,0,0,30,30,8,8,8,1,8,0,1
175.45.176.3,34032,149.171.126.11,1900,tcp,FIN,0.268598,622,268,254,252,2,1,-,16679.20117,6671.680664,10,6,255,3592972344,1385428528,62,45,0,0,1333.491859,68.470672,1421927542,23.582444,48.915602,0.032841,0.024013,0.008828,0,1,0,0,0,1,2,1,1,1,1,1,1,0
175.45.176.1,1649,149.171.126.13,135,tcp,FIN,0.220099,1612,268,254,252,2,1,-,52739.90234,8141.790527,10,6,255,237777467,468911942,161,45,0,0,1188.519697,58.990621,1421929664,22.400333,37.953801,0.077108,0.030318,0.04679,0,1,0,0,0,10,9,2,2,2,1,2,1,0
175.45.176.3,48284,149.171.126.14,445,tcp,FIN,2.212478,253307,1472,254,252,91,1,-,911390.8125,5167.057129,202,34,255,2223562151,3570448997,1254,43,0,0,1218.835703,78.663305,1421928559,10.942433,65.558273,0.141696,0.049051,0.092645,0,1,0,0,0,7,1,1,5,1,1,1,0,1
175.45.176.2,50518,149.171.126.10,179,tcp,FIN,0.634753,534,268,254,252,2,1,-,6062.200684,2823.145508,10,6,255,1380649654,2147025055,53,45,0,0,3604.592898,160.076141,1421930907,70.425667,104.222602,0.159708,0.113635,0.046073,0,1,0,0,0,4,4,2,2,2,2,2,1,0
175.45.176.2,64161,149.171.126.12,514,udp,INT,1.4e-05,878,0,254,0,0,0,-,250857136.0,0.0,2,0,0,0,0,439,0,0,0,0.0,0.0,1421933781,0.014,0.0,0.0,0.0,0.0,0,2,0,0,0,4,4,1,1,1,1,1,0,1
175.45.176.1,9250,149.171.126.14,445,tcp,FIN,1.545661,1236,798,254,252,3,2,-,5864.157715,3721.385254,12,10,255,2238070366,1031500131,103,80,0,0,7720.893943,293.865,1421927861,138.563997,165.144219,0.304104,0.059352,0.244752,0,1,0,0,0,3,2,1,1,1,1,1,1,0
175.45.176.0,50526,149.171.126.15,21,tcp,FIN,0.901544,574,682,254,252,3,4,ftp,4676.421875,5554.915039,12,12,255,1487836590,406471274,48,57,0,0,4668.620581,109.432828,1421930991,81.958543,76.953,0.08372,0.054477,0.029243,0,1,0,0,0,4,4,2,3,2,1,2,1,0
175.45.176.0,56433,149.171.126.10,80,tcp,FIN,0.499054,526,268,254,252,2,1,http,7598.375977,3590.793701,10,6,255,3464720359,3363982905,53,45,0,0,2931.287481,129.547812,1421930666,52.900667,79.973,0.183993,0.099184,0.084809,0,1,0,0,0,5,4,1,1,1,1,1,1,0
175.45.176.0,63638,149.171.126.10,179,tcp,FIN,0.84732,534,268,254,252,2,1,-,4541.377441,2114.90332,10,6,255,4182833137,996247778,53,45,0,0,5735.842817,255.107141,1421931493,94.046667,149.805797,0.142146,0.098287,0.043859,0,1,0,0,0,6,3,1,2,1,1,1,1,0
175.45.176.1,18711,149.171.126.13,179,tcp,FIN,0.619933,9514,354,254,252,5,1,-,115109.2109,4000.432129,16,8,255,3131389621,281765812,595,44,0,0,2833.988717,150.805797,1421931176,41.328865,81.929711,0.093958,0.030694,0.063264,0,1,0,0,0,4,4,1,1,1,1,1,0,1
175.45.176.0,2205,149.171.126.10,179,tcp,FIN,1.354458,534,354,254,252,2,1,-,2840.98877,1830.990723,10,8,255,3830958916,3361891775,53,44,0,0,9565.895715,263.43725,1421931577,150.495333,175.926859,0.166475,0.081781,0.084694,0,1,0,0,0,4,7,2,1,1,1,1,0,1
175.45.176.0,18688,149.171.126.17,179,tcp,FIN,0.695363,862,268,254,252,2,1,-,8927.710938,2577.071289,10,6,255,2375510743,1381055550,86,45,0,0,3829.166097,181.065453,1421928870,73.192,112.314398,0.202809,0.133781,0.069028,0,1,0,0,0,6,5,2,2,2,1,2,0,1
175.45.176.3,28257,149.171.126.14,135,tcp,FIN,0.655284,588,268,254,252,2,1,-,6470.477051,2734.692139,10,6,255,1653775487,3723811683,59,45,0,0,3441.714072,175.317469,1421930872,66.292889,113.53,0.17293,0.087624,0.085306,0,1,0,0,0,6,6,1,1,1,1,1,0,1
175.45.176.3,46541,149.171.126.17,514,udp,INT,2e-06,794,0,254,0,0,0,-,1588000000.0,0.0,2,0,0,0,0,397,0,0,0,0.0,0.0,1421933371,0.002,0.0,0.0,0.0,0.0,0,2,0,0,0,10,6,1,3,1,1,1,0,1
175.45.176.3,12881,149.171.126.14,179,tcp,FIN,0.523603,484,268,254,252,2,1,-,6661.535156,3422.440186,10,6,255,3053708249,274320904,48,45,0,0,2801.550408,123.423836,1421927708,56.215222,83.335602,0.145387,0.106921,0.038466,0,1,0,0,0,7,7,1,1,1,1,1,0,1
175.45.176.0,45907,149.171.126.17,179,tcp,FIN,2.046289,448,268,254,252,2,1,-,1532.530396,875.731628,8,6,255,1214631625,1306152508,56,45,0,0,20064.83536,537.3475,1421933427,291.66342,394.270188,0.14418,0.074933,0.069247,0,1,0,0,0,3,4,1,1,1,1,1,0,1
175.45.176.3,38959,149.171.126.14,445,tcp,FIN,1.103545,996,738,254,252,3,2,-,6618.669922,4683.089844,12,8,255,1699773536,324555431,83,92,0,0,6319.273852,205.125563,1421932242,96.027548,143.181281,0.174681,0.101265,0.073416,0,1,0,0,0,4,3,2,1,1,1,1,0,1
175.45.176.3,48255,149.171.126.19,80,tcp,FIN,0.546681,926,354,254,252,2,1,-,12204.55859,4536.466309,10,8,255,2121933236,4216192462,93,44,0,0,3761.034855,121.27175,1421934181,56.581778,68.359,0.138662,0.068158,0.070504,0,1,0,0,0,2,3,1,1,1,1,1,1,0
175.45.176.3,40203,149.171.126.18,16072,udp,INT,8e-06,114,0,254,0,0,0,-,57000000.0,0.0,2,0,0,0,0,57,0,0,0,0.0,0.0,1421934212,0.008,0.0,0.0,0.0,0.0,0,2,0,0,0,2,3,1,1,1,1,1,1,0
175.45.176.0,48669,149.171.126.14,80,tcp,FIN,0.575383,808,1218,62,252,2,1,-,10121.95313,14821.43164,10,8,255,1690034928,2002242433,81,152,0,0,1036710.077,34288.832,1421933014,10425.1203,13031.214,0.104753,0.061348,0.043405,0,1,0,0,0,5,4,1,2,1,1,1,0,1
175.45.176.2,62355,149.171.126.17,135,tcp,FIN,2.982056,588,354,254,252,2,1,-,1421.837891,831.640991,10,8,255,317446344,1128912494,59,44,0,0,22976.68187,666.2055,1421931386,331.339556,406.861281,0.22798,0.133298,0.094682,0,1,0,0,0,6,1,1,2,1,1,1,1,0
175.45.176.0,10947,149.171.126.10,179,tcp,FIN,0.523813,534,268,254,252,2,0,-,7346.132812,3421.068115,10,6,255,3781964560,1067868992,53,45,0,0,1077980.85,40185.72,1421931547,10832.6876,18054.334,0.140668,0.075099,0.065569,0,1,0,0,0,6,10,6,6,5,2,5,1,0
175.45.176.3,59173,149.171.126.10,23211,tcp,ACC,0.493678,172,86,62,252,2,2,-,2090.431396,696.810486,4,2,0,2647189597,0,43,43,0,0,9011.491388,0.0,1421931483,164.559333,0.001,0.0,0.0,0.0,0,0,0,0,0,3,3,1,1,1,1,1,0,1
175.45.176.1,56546,149.171.126.11,179,tcp,FIN,0.467829,670,268,254,252,2,1,-,10311.45996,3830.459473,10,6,255,1605751307,3170051048,67,45,0,0,2653.843231,134.631969,1421928810,50.416,80.067398,0.177107,0.067485,0.109622,0,1,0,0,0,14,8,2,3,2,1,2,0,1
175.45.176.1,56235,149.171.126.11,179,tcp,FIN,0.608099,676,354,254,252,2,1,-,8011.853516,4078.283447,10,8,255,1403419927,4102904036,68,44,0,0,4484.717423,115.005336,1421928716,67.566556,77.504,0.119111,0.064857,0.054254,0,1,0,0,0,13,7,2,4,2,1,2,1,0
175.45.176.0,8501,149.171.126.14,80,tcp,FIN,2.014017,804,1086,62,252,2,2,-,2875.844482,3777.524902,10,8,255,498250488,3147049777,80,136,0,0,13380.05824,370.932969,1421933411,223.779667,271.234719,0.238951,0.114617,0.124334,0,1,0,0,0,4,2,1,1,1,1,1,1,0
175.45.176.2,5579,149.171.126.14,80,tcp,FIN,1.054973,974,354,254,252,2,1,-,6650.407227,2350.770996,10,8,255,1776885075,3764495876,97,44,0,0,6298.252865,267.662438,1421933067,113.051444,140.571719,0.171415,0.070961,0.100454,0,1,0,0,0,1,5,2,1,1,1,1,1,0
175.45.176.3,58439,149.171.126.18,1723,tcp,FIN,0.732222,2516,354,254,252,2,1,-,24746.5918,3386.950928,10,8,255,2443505441,3504487537,252,44,0,0,5092.240972,142.736328,1421933283,81.358,92.945711,0.132784,0.080979,0.051805,0,1,0,0,0,6,4,2,3,2,1,2,1,0
175.45.176.3,8447,149.171.126.14,80,tcp,FIN,1.508982,68117,612,254,252,26,1,-,354904.1875,3016.603271,58,14,255,4090481564,4109634931,1174,44,0,0,2493.711258,160.523406,1421928038,25.443526,108.195156,0.196102,0.102435,0.093667,0,1,0,0,0,3,1,1,2,1,1,1,1,0
175.45.176.0,8498,149.171.126.14,80,tcp,CON,0.633715,756,182,62,252,2,1,-,8357.069336,1729.484131,8,4,255,1680821584,2960194329,95,46,0,0,5247.574522,259.878719,1421932817,90.530714,183.766,0.154887,0.080834,0.074053,0,3,0,0,0,5,9,2,1,1,1,1,1,0
175.45.176.0,61201,149.171.126.13,520,udp,INT,13.004217,2128,0,254,0,0,0,-,981.835327,0.0,4,0,0,0,0,532,0,0,0,6130.2375,0.0,1421930100,4334.739,0.0,0.0,0.0,0.0,0,2,0,0,0,30,30,11,11,11,1,11,1,0
175.45.176.1,19578,149.171.126.12,179,tcp,FIN,1.222742,978,642,254,252,5,3,-,5999.630371,3853.634033,16,12,255,521646637,3181347787,61,54,0,0,4433.09094,155.061766,1421930751,75.791802,105.727727,0.122367,0.059733,0.062634,0,1,0,0,0,11,11,4,8,1,1,4,1,0
175.45.176.1,50233,149.171.126.11,179,tcp,FIN,0.726821,560,354,254,252,2,1,-,5547.445801,3412.119385,10,8,255,3662647940,2865516394,56,44,0,0,5698.020659,136.641719,1421928741,80.688333,92.408289,0.121955,0.079954,0.042001,0,1,0,0,0,11,4,1,4,1,1,1,0,1
175.45.176.0,10414,149.171.126.14,80,tcp,FIN,1.06297,826,1440,62,252,2,2,-,5599.405273,9753.802734,10,10,255,2230455472,3604398661,83,144,0,0,6412.587001,204.162828,1421933247,118.107778,106.997781,0.193625,0.099311,0.094314,0,1,0,0,0,3,2,1,1,1,1,1,0,1
175.45.176.0,32168,149.171.126.10,520,udp,INT,1e-05,104,0,254,0,0,0,-,41600000.0,0.0,2,0,0,0,0,52,0,0,0,0.0,0.0,1421928587,0.01,0.0,0.0,0.0,0.0,0,2,0,0,0,14,14,2,2,2,1,2,0,1
175.45.176.2,1462,149.171.126.18,520,udp,INT,1.1e-05,104,0,254,0,0,0,-,37818180.0,0.0,2,0,0,0,0,52,0,0,0,0.0,0.0,1421933228,0.011,0.0,0.0,0.0,0.0,0,2,0,0,0,2,3,4,1,1,1,1,0,1
175.45.176.3,44542,149.171.126.14,80,tcp,FIN,1.466507,68187,698,254,252,27,1,http,365772.5625,3573.116455,60,16,255,1178303620,572510487,1136,44,0,0,2436.599405,104.851383,1421928088,24.413101,91.905336,0.167233,0.087916,0.079317,0,1,0,0,0,2,2,1,1,1,1,1,0,1
175.45.176.1,35950,149.171.126.11,80,tcp,FIN,6.704825,870,354,254,252,2,1,-,934.252563,369.882874,10,8,255,4218434305,4016606696,87,44,0,0,48612.40922,1464.89825,1421933208,744.980556,940.515688,0.207352,0.119887,0.087465,0,1,0,0,0,4,1,1,2,1,1,1,1,0
175.45.176.2,53981,149.171.126.13,179,tcp,FIN,1.575079,4658,354,254,252,3,1,-,21687.80078,1574.524292,12,8,255,3602934079,2332559010,388,44,0,0,8823.75389,319.799875,1421927996,139.899636,205.542859,0.272655,0.136269,0.136386,0,1,0,0,0,1,1,1,1,1,1,1,0,1
175.45.176.1,52089,149.171.126.11,179,tcp,FIN,0.484334,646,268,254,252,2,1,-,9613.201172,3699.926025,10,6,255,1219310899,3082246176,65,45,0,0,2436.597139,115.808758,1421928720,47.843889,86.065797,0.104455,0.053994,0.050461,0,1,0,0,0,13,6,1,1,1,1,1,1,0
175.45.176.1,22791,149.171.126.11,179,tcp,FIN,0.783696,26316,764,254,252,12,4,-,259682.3281,7247.708496,30,14,255,1385640778,1262422827,877,55,0,0,2090.297954,73.380086,1421929886,27.023999,51.058922,0.176785,0.101019,0.075766,0,1,0,0,0,4,4,1,1,1,1,1,0,1
175.45.176.1,1293,149.171.126.13,135,tcp,FIN,0.371129,1612,268,254,252,2,1,-,31277.5332,4828.509766,10,6,255,3014761831,3426079449,161,45,0,0,1962.514749,83.527555,1421929670,37.995667,58.635,0.141612,0.077943,0.063669,0,1,0,0,0,5,5,2,2,2,1,2,1,0
175.45.176.3,9978,149.171.126.19,1707,tcp,FIN,0.201753,502,268,254,252,2,1,-,17922.9043,8882.147461,10,6,255,2516197864,3627693868,50,45,0,0,1156.514712,62.619488,1421930102,20.809778,38.809199,0.025318,0.007696,0.017622,0,1,0,0,0,1,1,1,1,1,1,1,1,0
175.45.176.0,14836,149.171.126.11,80,tcp,FIN,0.685711,918,884,62,252,2,2,-,9648.378906,9030.042969,10,8,255,2462638982,4090803191,92,111,0,0,3742.667756,137.68475,1421933051,76.190111,84.064711,0.215398,0.096659,0.118739,0,1,0,0,0,6,2,1,2,2,1,1,1,0
175.45.176.1,8258,149.171.126.11,445,tcp,FIN,1.956315,998,790,254,252,3,2,-,3741.728516,2907.50708,12,10,255,3039690786,3556504998,83,79,0,0,9971.545578,376.232625,1421927933,173.679636,206.399672,0.236652,0.098717,0.137935,0,1,0,0,0,9,3,1,3,3,1,1,1,0
175.45.176.1,15289,149.171.126.15,179,tcp,FIN,1.060249,910,354,254,252,2,1,-,6179.680664,2339.073242,10,8,255,1718744595,1838513408,91,44,0,0,6518.534178,248.825891,1421931325,110.182333,140.06,0.118726,0.079825,0.038901,0,1,0,0,0,2,2,1,3,1,1,1,0,1
175.45.176.1,12008,149.171.126.15,21,tcp,FIN,3.144711,756,682,254,252,4,4,ftp,1785.855713,1592.515137,14,12,255,1713148875,261404539,54,57,0,0,17587.90418,516.210187,1421928096,241.888303,276.313906,0.180395,0.105257,0.075138,0,1,0,0,0,1,1,2,5,1,1,1,1,0
175.45.176.3,12152,149.171.126.14,179,tcp,FIN,0.373261,484,268,254,252,2,1,-,9344.667969,4800.930176,10,6,255,2291540094,2617508689,48,45,0,0,1964.60779,88.057227,1421927707,39.659667,63.681398,0.100721,0.054843,0.045878,0,1,0,0,0,7,7,2,2,2,1,2,0,1
175.45.176.1,62718,149.171.126.13,520,udp,INT,31.281267,156,0,254,0,0,0,-,29.922062,0.0,4,0,0,0,0,39,0,0,0,14746.123,0.0,1421928748,10427.089,0.0,0.0,0.0,0.0,0,2,0,0,0,12,9,2,5,2,1,2,1,0
175.45.176.1,11059,149.171.126.13,179,tcp,FIN,0.453621,3666,268,254,252,3,1,-,59274.15234,3950.434326,12,6,255,160096830,2208009794,306,45,0,0,2251.784462,112.775312,1421931129,35.213908,77.217398,0.127134,0.06753,0.059604,0,1,0,0,0,4,4,1,4,1,1,1,1,0
175.45.176.1,7902,149.171.126.10,80,tcp,FIN,0.910389,832,306,254,252,0,0,-,2311.099854,6397.265137,8,7,255,355049844,2204411015,104,44,0,0,6693.905362,285.445312,1421931680,118.724281,151.7315,0.0,0.0,0.0,0,1,0,0,0,1,2,1,1,1,1,1,1,0
175.45.176.3,48535,149.171.126.15,80,tcp,FIN,0.792416,68189,612,254,252,27,1,http,676947.5,5744.45752,60,14,255,2645568865,549972673,1136,44,1,0,1380.365843,83.479781,1421932084,13.415542,57.392,0.093814,0.046309,0.047505,0,1,1,0,0,2,2,1,1,1,1,1,0,1
175.45.176.3,65092,149.171.126.15,80,tcp,FIN,0.899384,68189,612,254,252,27,1,http,596434.875,5061.241699,60,14,255,1523726904,1213603152,1136,44,1,0,1480.114399,79.484586,1421932080,15.226949,64.34023,0.120655,0.062951,0.057704,0,1,1,0,0,5,5,1,1,1,1,1,1,0
175.45.176.0,17993,149.171.126.12,3306,tcp,FIN,1.008092,608,646,254,252,2,3,-,4348.809082,4618.625977,10,10,255,708200028,337587078,61,65,0,0,6328.701906,151.254641,1421931255,112.010222,106.896445,0.122139,0.045315,0.076824,0,1,0,0,0,1,2,2,1,1,1,1,1,0
175.45.176.1,6395,149.171.126.13,179,tcp,FIN,0.564886,2842,354,254,252,2,1,-,36226.78125,4390.266602,10,8,255,2865358263,4218525364,284,44,0,0,4096.708636,137.712953,1421931167,60.883889,74.05543,0.11903,0.046495,0.072535,0,1,0,0,0,4,4,2,5,2,1,2,0,1
175.45.176.1,14519,149.171.126.15,179,tcp,FIN,0.869621,11022,268,254,252,5,1,-,95066.70313,2060.667969,16,6,255,2000327535,2264165356,689,45,0,0,4305.440389,283.179562,1421931307,57.974731,157.908406,0.141798,0.079442,0.062356,0,1,0,0,0,2,2,2,4,1,1,1,1,0
175.45.176.1,30321,149.171.126.13,179,tcp,FIN,0.439063,5722,268,254,252,3,1,-,95585.36719,4081.418701,12,6,255,2488340427,1177888444,477,45,0,0,2112.996171,103.462875,1421931136,38.594363,71.397797,0.130587,0.082063,0.048524,0,1,0,0,0,5,5,2,6,2,1,2,1,0
175.45.176.3,18033,149.171.126.11,514,udp,INT,1.2e-05,936,0,254,0,0,0,-,312000000.0,0.0,2,0,0,0,0,468,0,0,0,0.0,0.0,1421934064,0.012,0.0,0.0,0.0,0.0,0,2,0,0,0,38,36,16,17,16,1,16,1,0
175.45.176.3,9197,149.171.126.11,1723,tcp,FIN,0.630045,756,268,254,252,2,1,-,8647.000977,2844.241211,10,6,255,3739670183,4143794431,76,45,0,0,3530.938307,156.064063,1421932620,70.005,94.360398,0.227917,0.157468,0.070449,0,1,0,0,0,4,4,1,1,1,1,1,0,1
175.45.176.0,47929,149.171.126.14,80,tcp,FIN,0.364253,806,1132,62,252,2,2,-,15944.96094,21765.0918,10,8,255,3782713702,3816531379,81,142,0,0,2091.479585,61.905859,1421932862,40.472556,41.335145,0.085193,0.053225,0.031968,0,1,0,0,0,5,5,1,1,1,1,1,0,1
175.45.176.3,2442,149.171.126.17,514,udp,INT,1.2e-05,554,0,254,0,0,0,-,184666656.0,0.0,2,0,0,0,0,277,0,0,0,0.0,0.0,1421933326,0.012,0.0,0.0,0.0,0.0,0,2,0,0,0,9,3,1,2,1,1,1,1,0
175.45.176.0,45638,149.171.126.12,3306,tcp,FIN,0.807481,608,646,254,252,2,3,-,5429.22998,5766.080078,10,10,255,3185460088,1688217075,61,65,0,0,4789.713466,110.499156,1421931248,89.720111,75.327555,0.199946,0.128934,0.071012,0,1,0,0,0,2,2,1,1,1,1,1,1,0
175.45.176.3,19496,149.171.126.13,514,udp,INT,3e-06,248,0,254,0,0,0,-,330666656.0,0.0,2,0,0,0,0,124,0,0,0,0.0,0.0,1421932383,0.003,0.0,0.0,0.0,0.0,0,2,0,0,0,16,16,5,5,5,1,5,1,0
175.45.176.0,44377,149.171.126.10,80,tcp,FIN,0.702446,510,268,254,252,2,1,http,5227.448242,2551.085938,10,6,255,243104589,1525443043,51,45,0,0,4102.807012,222.060453,1421930673,77.926111,126.447602,0.132925,0.070197,0.062728,0,1,0,0,0,4,3,1,3,2,1,1,1,0
175.45.176.0,49443,149.171.126.12,3306,tcp,FIN,0.695686,694,646,254,252,2,3,-,7325.144043,6692.674805,12,10,255,2806561344,3000696480,58,65,0,0,4069.247893,99.496102,1421931214,63.244185,72.461445,0.102139,0.042896,0.059243,0,1,0,0,0,4,4,1,1,1,1,1,1,0
175.45.176.0,58115,149.171.126.12,25128,tcp,FIN,0.501635,5208,536,254,252,4,2,-,77123.80469,7702.811523,14,10,255,2223535129,4066334676,372,54,0,0,2905.907438,96.865672,1421929995,37.409078,50.449332,0.094813,0.047581,0.047232,0,1,0,0,0,2,2,2,2,1,1,2,1,0
175.45.176.1,6302,149.171.126.13,179,tcp,FIN,0.591965,2044,354,254,252,2,1,-,24866.33398,4189.436523,10,8,255,3253783962,222813681,204,44,0,0,4218.114449,128.013883,1421931119,63.799,73.71157,0.158553,0.075973,0.08258,0,1,0,0,0,6,6,2,5,2,1,2,1,0
175.45.176.1,5406,149.171.126.11,179,tcp,FIN,0.729477,25726,764,254,252,12,4,-,272732.375,7786.400391,30,14,255,3709639652,239362087,858,55,0,0,1891.252819,68.418883,1421929889,25.15438,48.929539,0.105149,0.070919,0.03423,0,1,0,0,0,5,5,1,1,1,1,1,0,1
175.45.176.0,37456,149.171.126.11,179,tcp,FIN,0.488534,4194,268,254,252,3,1,-,62963.88672,3668.117188,12,6,255,116132447,2299828844,350,45,0,0,2434.983958,110.014094,1421928604,41.142183,73.08,0.160269,0.123126,0.037143,0,1,0,0,0,5,4,1,1,1,1,1,1,0
175.45.176.1,32423,149.171.126.15,179,tcp,FIN,1.057593,69587,612,254,252,27,1,-,517613.125,4304.113281,60,14,255,270235087,1109781708,1160,44,0,0,1770.523173,109.183672,1421931373,17.396559,76.123383,0.127191,0.067988,0.059203,0,1,0,0,0,2,2,1,1,1,1,1,0,1
175.45.176.1,20518,149.171.126.15,179,tcp,FIN,0.579998,1294,268,254,252,2,1,-,16069.02051,3089.665771,10,6,255,2556284948,2282265836,129,45,0,0,3239.363563,160.628875,1421931349,64.444222,98.096398,0.216158,0.088867,0.127291,0,1,0,0,0,3,2,2,4,1,1,2,0,1
175.45.176.0,44575,149.171.126.14,80,tcp,FIN,1.758278,828,1326,62,252,2,2,-,3394.22998,5432.587891,10,10,255,2397249891,1050484913,83,133,0,0,13073.34299,274.671625,1421933216,195.364222,184.235109,0.201607,0.099476,0.102131,0,1,0,0,0,4,2,2,2,2,1,2,0,1
175.45.176.3,65256,149.171.126.10,520,udp,INT,1.2e-05,1064,0,254,0,0,0,-,354666656.0,0.0,2,0,0,0,0,532,0,0,0,0.0,0.0,1421933550,0.012,0.0,0.0,0.0,0.0,0,2,0,0,0,3,4,1,1,1,1,1,0,1
175.45.176.1,18825,149.171.126.18,29483,tcp,FIN,0.398333,96,258,254,252,1,0,-,964.017517,4317.995117,2,6,255,3265816979,357630185,48,43,0,0,0.0,77.59543,1421929335,0.004,50.840398,0.0,0.0,0.0,0,1,0,0,0,2,1,1,1,1,1,1,1,0
175.45.176.0,7663,149.171.126.13,19255,tcp,FIN,0.255185,852,268,254,252,2,1,-,24045.29883,7022.355957,10,6,255,3062650058,821929017,85,45,0,0,1277.655297,69.030242,1421930594,25.505889,47.404602,0.068141,0.01815,0.049991,0,1,0,0,0,1,2,1,1,1,1,1,1,0
175.45.176.0,9586,149.171.126.10,179,tcp,FIN,0.91054,534,354,254,252,2,1,-,4226.063965,2723.658447,10,8,255,1119838684,3359046255,53,44,0,0,5597.751721,245.044094,1421931449,98.194,124.767859,0.098335,0.03716,0.061175,0,1,0,0,0,4,2,1,1,1,1,1,1,0
175.45.176.1,1152,149.171.126.13,520,udp,INT,1.1e-05,78,0,254,0,0,0,-,28363636.0,0.0,2,0,0,0,0,39,0,0,0,0.0,0.0,1421928759,0.011,0.0,0.0,0.0,0.0,0,2,0,0,0,13,8,2,3,2,1,2,0,1
175.45.176.1,8628,149.171.126.17,179,tcp,FIN,1.973973,524,354,254,252,2,1,-,1912.893433,1256.349487,10,8,255,1157350166,2918943877,52,44,0,0,12182.38103,420.339625,1421928084,219.330333,266.280844,0.20083,0.109336,0.091494,0,1,0,0,0,3,1,1,3,1,1,1,1,0
175.45.176.2,16465,149.171.126.12,520,udp,INT,1e-05,104,0,254,0,0,0,-,41600000.0,0.0,2,0,0,0,0,52,0,0,0,0.0,0.0,1421931398,0.01,0.0,0.0,0.0,0.0,0,2,0,0,0,3,1,1,2,1,1,1,0,1
175.45.176.1,62862,149.171.126.13,520,udp,INT,8e-06,78,0,254,0,0,0,-,39000000.0,0.0,2,0,0,0,0,39,0,0,0,0.0,0.0,1421928758,0.008,0.0,0.0,0.0,0.0,0,2,0,0,0,13,8,2,3,2,1,2,0,1
175.45.176.3,43581,149.171.126.15,179,tcp,FIN,0.61176,794,678,254,252,4,4,-,9650.842773,8133.908691,14,12,255,275883479,485735829,57,57,0,0,2262.054822,69.099812,1421930424,46.994922,50.400184,0.100572,0.057351,0.043221,0,1,0,0,0,6,7,2,2,2,1,2,0,1
175.45.176.2,54658,149.171.126.13,21,tcp,FIN,1.021631,586,682,254,252,3,4,ftp,4212.871582,4901.965332,12,12,255,2865923380,2294122992,49,57,0,0,4707.723848,113.288906,1421931038,92.875547,84.003727,0.169542,0.072715,0.096827,0,1,0,0,0,2,2,1,1,1,1,1,1,0
175.45.176.1,52859,149.171.126.11,179,tcp,FIN,0.719181,560,354,254,252,2,1,-,5606.377441,3448.366943,10,8,255,635902758,2418950814,56,44,0,0,5154.041282,145.752109,1421928751,77.405222,88.389859,0.188163,0.100449,0.087714,0,1,0,0,0,12,5,1,3,1,1,1,0,1
175.45.176.0,63594,149.171.126.11,179,tcp,FIN,0.736209,4194,268,254,252,3,1,-,41781.61328,2434.091553,12,6,255,2083960171,1985728952,350,45,0,0,3645.521661,141.392125,1421928636,66.841548,112.115398,0.241572,0.175628,0.065944,0,1,0,0,0,7,6,3,2,2,1,2,0,1
175.45.176.0,10585,149.171.126.11,445,tcp,FIN,0.576261,590,268,254,252,2,1,-,7371.660156,3109.702148,10,6,255,57437453,1589706891,59,45,0,0,3117.037651,140.761891,1421933777,63.881889,102.539602,0.125786,0.063559,0.062227,0,1,0,0,0,6,7,1,1,1,1,1,0,1
175.45.176.0,53000,149.171.126.14,80,tcp,FIN,0.513984,824,268,62,252,2,1,-,11548.99707,3486.489746,10,6,255,1797098539,2787046316,82,45,0,0,2817.564498,134.966312,1421933468,57.109333,92.445797,0.123971,0.051102,0.072869,0,1,0,0,0,4,3,1,1,1,1,1,0,1
175.45.176.1,52080,149.171.126.11,179,tcp,FIN,0.530735,680,268,254,252,2,1,-,9224.942383,3376.449463,10,6,255,1189590748,928260310,68,45,0,0,2682.25075,135.272453,1421928824,52.451667,91.548797,0.15034,0.072979,0.077361,0,1,0,0,0,15,5,1,3,1,1,1,0,1
175.45.176.3,19116,149.171.126.15,520,udp,INT,7e-06,104,0,254,0,0,0,-,59428572.0,0.0,2,0,0,0,0,52,0,0,0,0.0,0.0,1421931801,0.007,0.0,0.0,0.0,0.0,0,2,0,0,0,9,5,2,3,2,1,2,1,0
175.45.176.2,52067,149.171.126.12,514,udp,INT,8e-06,2032,0,254,0,0,0,-,1016000000.0,0.0,2,0,0,0,0,1016,0,0,0,0.0,0.0,1421933774,0.008,0.0,0.0,0.0,0.0,0,2,0,0,0,8,7,3,3,3,1,3,0,1
175.45.176.1,29868,149.171.126.13,135,tcp,FIN,0.41688,1612,268,254,252,2,1,-,27844.94336,4298.599121,10,6,255,3058783744,1591848852,161,45,0,0,2268.695803,117.042898,1421929671,43.956,73.668203,0.134819,0.048534,0.086285,0,1,0,0,0,5,5,2,2,2,1,2,1,0
175.45.176.1,1913,149.171.126.11,445,tcp,FIN,1.875293,1110,806,254,252,3,2,-,4342.788086,3097.115967,12,10,255,2233883170,717902725,93,81,0,0,9559.569764,311.676688,1421927956,159.347278,197.429781,0.185896,0.098424,0.087472,0,1,0,0,0,5,1,1,1,1,1,1,1,0
175.45.176.1,6962,149.171.126.11,179,tcp,FIN,1.201228,26576,642,254,252,13,3,-,171464.5313,3922.652344,32,12,255,751586995,2545411052,831,54,0,0,2955.177379,143.001234,1421929849,37.889838,103.479633,0.12134,0.062947,0.058393,0,1,0,0,0,4,4,1,1,1,1,1,1,0
175.45.176.0,63504,149.171.126.13,520,udp,INT,1.2e-05,1064,0,254,0,0,0,-,354666656.0,0.0,2,0,0,0,0,532,0,0,0,0.0,0.0,1421930101,0.012,0.0,0.0,0.0,0.0,0,2,0,0,0,30,30,8,8,8,1,8,0,1
175.45.176.0,8451,149.171.126.12,3306,tcp,FIN,1.031834,608,646,254,252,1,2,-,4248.745605,4512.353516,10,10,255,894538849,7002535,61,65,0,0,653664.8034,19616.63,1421931294,6639.9321,6639.888,0.082743,0.05731,0.025433,0,1,0,0,0,3,4,1,1,1,1,1,1,0
175.45.176.0,40990,149.171.126.17,179,tcp,FIN,1.994137,534,354,254,252,2,1,-,1929.656738,1243.645752,10,8,255,2148218092,3935094783,53,44,0,0,13012.72434,469.152562,1421933396,210.092667,272.107719,0.151674,0.089372,0.062302,0,1,0,0,0,5,6,2,2,1,1,1,1,0
175.45.176.1,55262,149.171.126.11,179,tcp,FIN,0.842207,564,268,254,252,2,1,-,4825.416992,2127.74292,10,6,255,2303966322,1360229467,56,45,0,0,5257.373733,270.831313,1421928759,93.452333,151.42,0.188691,0.085096,0.103595,0,1,0,0,0,13,6,1,3,1,1,1,0,1
175.45.176.1,51630,149.171.126.15,21,tcp,FIN,2.33411,756,682,254,252,4,4,ftp,2406.056152,2145.571533,14,12,255,4253430019,3167338752,54,57,0,0,11705.20399,347.552219,1421928068,176.825005,197.384359,0.294789,0.162879,0.13191,0,1,0,0,0,1,1,2,2,1,1,1,1,0
175.45.176.1,35149,149.171.126.13,179,tcp,FIN,0.622634,5226,268,254,252,3,1,-,61557.83203,2878.095459,12,6,255,1436183466,4176053805,436,45,0,0,3022.637755,136.866797,1421931142,53.760093,96.911398,0.22503,0.138066,0.086964,0,1,0,0,0,5,5,2,3,2,1,2,1,0
175.45.176.1,1642,149.171.126.13,135,tcp,FIN,0.236099,1612,268,254,252,2,1,-,49165.81641,7590.036133,10,6,255,1531443727,875660458,161,45,0,0,1260.084021,57.755539,1421929698,25.165778,40.945199,0.081052,0.031362,0.04969,0,1,0,0,0,12,12,2,2,2,1,2,0,1
175.45.176.3,26192,149.171.126.14,135,tcp,FIN,0.448743,588,268,254,252,2,1,-,9448.615234,3993.377197,10,6,255,469201302,3431232158,59,45,0,0,2377.307664,113.551008,1421930875,44.604,78.368797,0.134766,0.056888,0.077878,0,1,0,0,0,3,4,1,1,1,1,1,0,1
175.45.176.2,62677,149.171.126.12,520,udp,INT,50.821129,2128,0,254,0,0,0,-,251.234085,0.0,4,0,0,0,0,532,0,0,0,23957.298,0.0,1421928473,16940.376,0.0,0.0,0.0,0.0,0,2,0,0,0,5,6,3,2,2,1,2,1,0
175.45.176.3,62685,149.171.126.17,21,tcp,FIN,1.042558,578,682,254,252,3,4,ftp,4066.920166,4803.569824,12,12,255,788445980,1719941518,48,57,0,0,4658.950283,103.973117,1421928460,94.778003,80.004367,0.159901,0.077725,0.082176,0,1,0,0,0,3,3,1,2,1,1,1,1,0
175.45.176.1,1169,149.171.126.11,445,tcp,FIN,1.705052,1110,740,254,252,3,2,-,4776.394043,3040.376465,12,8,255,2991772761,2871052616,93,93,0,0,8509.45389,383.961094,1421927977,151.662724,228.160281,0.221986,0.107928,0.114058,0,1,0,0,0,3,1,1,2,1,1,1,1,0
175.45.176.0,13741,149.171.126.10,179,tcp,FIN,0.604453,534,268,254,252,2,1,-,6366.085938,2964.663818,10,6,255,3668301578,1674913056,53,45,0,0,3703.346282,169.413047,1421931538,67.060333,108.784,0.11364,0.060529,0.053111,0,1,0,0,0,6,2,1,2,1,1,1,0,1
175.45.176.1,37873,149.171.126.11,1015,tcp,FIN,0.596631,472,564,254,252,2,2,-,5698.664551,6623.859863,10,8,255,724153889,3017812732,47,71,0,0,3610.095118,122.964562,1421928550,66.292333,72.77943,0.101044,0.06471,0.036334,0,1,0,0,0,1,2,1,1,1,1,1,0,1
175.45.176.0,65527,149.171.126.11,179,tcp,FIN,0.678984,2322,354,254,252,2,1,-,24625.0293,3652.516113,10,8,255,870580625,3493561708,232,44,0,0,4034.94588,128.886906,1421928642,68.799889,77.039859,0.20384,0.139704,0.064136,0,1,0,0,0,8,7,1,1,1,1,1,0,1
175.45.176.3,42454,149.171.126.15,179,tcp,FIN,0.82324,904,556,254,252,5,3,-,8240.610352,4868.568359,16,10,255,3678186511,964551018,57,56,0,0,2921.940139,105.369992,1421930355,49.682201,85.483781,0.092565,0.053877,0.038688,0,1,0,0,0,5,4,2,2,2,2,2,1,0
175.45.176.0,63559,149.171.126.10,179,tcp,FIN,1.145431,534,354,254,252,2,1,-,3359.434082,2165.123779,10,8,255,3327845719,2723324367,53,44,0,0,7012.076455,327.610406,1421931438,127.165889,154.534422,0.168839,0.063683,0.105156,0,1,0,0,0,4,2,1,1,1,1,1,1,0
175.45.176.1,65242,149.171.126.13,520,udp,INT,57.944286,156,0,254,0,0,0,-,16.153448,0.0,4,0,0,0,0,39,0,0,0,27315.174,0.0,1421928773,19314.762,0.0,0.0,0.0,0.0,0,2,0,0,0,15,10,2,3,2,1,2,1,0
175.45.176.3,11756,149.171.126.14,80,tcp,FIN,1.679004,68109,612,254,252,26,1,-,318927.1875,2711.131104,58,14,255,3143835130,794127351,1174,44,0,0,2568.966038,160.770875,1421928097,26.853772,119.789383,0.206426,0.121738,0.084688,0,1,0,0,0,1,1,1,1,1,1,1,0,1
175.45.176.1,31205,149.171.126.13,135,tcp,FIN,0.165009,1612,268,254,252,2,1,-,70347.67188,10860.01367,10,6,255,237491599,1308993699,161,45,0,0,1022.458046,49.841727,1421929657,17.482889,29.611,0.032331,0.016943,0.015388,0,1,0,0,0,9,9,2,2,2,1,2,1,0
175.45.176.1,23249,149.171.126.11,445,tcp,FIN,1.706298,1106,836,254,252,3,2,-,4754.151855,3530.450195,12,10,255,1986496629,103623426,92,84,0,0,9895.747724,215.650219,1421928120,155.04346,162.285109,0.359655,0.245723,0.113932,0,1,0,0,0,2,1,1,1,1,1,1,0,1
175.45.176.0,52806,149.171.126.12,179,tcp,FIN,1.0132,2062,354,254,252,2,1,-,14654.55957,2447.69043,10,8,255,3339666262,3873299763,206,44,0,0,6416.772767,185.951719,1421927853,112.572556,127.668141,0.214217,0.119513,0.094704,0,1,0,0,0,4,3,1,1,1,1,1,0,1
175.45.176.1,58473,149.171.126.15,179,tcp,FIN,0.536242,682,354,254,252,2,1,-,9160.042969,4624.777344,10,8,255,670565159,86161398,68,44,0,0,3613.361615,138.937781,1421934447,59.582444,70.271711,0.099953,0.043639,0.056314,0,1,0,0,0,8,8,2,2,2,1,2,0,1
175.45.176.3,1121,149.171.126.17,514,udp,INT,4e-06,1312,0,254,0,0,0,-,1312000000.0,0.0,2,0,0,0,0,656,0,0,0,0.0,0.0,1421933412,0.004,0.0,0.0,0.0,0.0,0,2,0,0,0,3,2,1,1,1,1,1,1,0
175.45.176.3,43310,149.171.126.18,1723,tcp,FIN,0.974805,2516,268,254,252,2,1,-,18588.33398,1838.316406,10,6,255,3167671206,1376604473,252,45,0,0,6144.920122,311.966375,1421933282,108.209444,180.488594,0.143516,0.072361,0.071155,0,1,0,0,0,6,4,1,1,1,1,1,1,0
175.45.176.2,23308,149.171.126.18,520,udp,INT,1e-05,104,0,254,0,0,0,-,41600000.0,0.0,2,0,0,0,0,52,0,0,0,0.0,0.0,1421933204,0.01,0.0,0.0,0.0,0.0,0,2,0,0,0,2,4,5,1,1,1,1,0,1
175.45.176.0,63670,149.171.126.10,179,tcp,FIN,1.192016,534,354,254,252,2,1,-,3228.144531,2080.509033,10,8,255,3080075598,874659670,53,44,0,0,7570.458948,221.834641,1421931517,132.435111,150.273578,0.199754,0.140094,0.05966,0,1,0,0,0,5,2,1,2,1,1,1,1,0
175.45.176.1,36946,149.171.126.14,179,tcp,FIN,0.770572,774,642,254,252,4,3,-,7464.584473,6114.937988,14,12,255,3047628424,816441168,55,54,0,0,3463.824354,98.07307,1421932761,57.265462,62.801547,0.122546,0.079745,0.042801,0,1,0,0,0,6,6,2,2,2,1,2,1,0
175.45.176.0,56242,149.171.126.18,179,tcp,FIN,0.44632,506,268,254,252,2,1,-,8173.507812,4015.056396,10,6,255,1853566888,3006521971,51,45,0,0,2638.624826,119.51225,1421929609,47.553778,71.181,0.13608,0.090405,0.045675,0,1,0,0,0,4,4,2,2,2,1,2,0,1
175.45.176.1,6961,149.171.126.11,179,tcp,FIN,0.912268,28482,850,254,252,13,4,-,241963.9844,6989.174316,32,16,255,1317155816,3514104354,890,53,0,0,2585.776674,95.357172,1421929893,29.428,56.963066,0.116369,0.05705,0.059319,0,1,0,0,0,5,4,1,1,1,1,1,0,1
175.45.176.2,24815,149.171.126.10,179,tcp,FIN,0.898848,534,268,254,252,2,1,-,4281.035156,1993.662964,10,6,255,4068468818,2675671866,53,45,0,0,5514.280067,290.871938,1421930745,95.864778,161.668406,0.191979,0.090495,0.101484,0,1,0,0,0,4,4,2,1,1,1,1,0,1
175.45.176.1,28427,149.171.126.12,514,udp,INT,6e-06,1474,0,254,0,0,0,-,982666624.0,0.0,2,0,0,0,0,737,0,0,0,0.0,0.0,1421929209,0.006,0.0,0.0,0.0,0.0,0,2,0,0,0,4,4,4,4,4,1,4,0,1
175.45.176.1,31488,149.171.126.14,445,tcp,FIN,1.360786,1040,796,254,252,3,2,-,5608.523438,4215.210938,12,10,255,3586936862,3922980513,87,80,0,0,6649.516567,253.092469,1421927948,120.973906,137.804891,0.245189,0.120537,0.124652,0,1,0,0,0,5,1,1,2,1,1,1,1,0
175.45.176.1,14140,149.171.126.11,179,tcp,FIN,0.521552,628,268,254,252,2,1,-,8681.780273,3435.898926,10,6,255,2803122813,2410402132,63,45,0,0,2801.936897,134.863625,1421928729,55.009111,86.828797,0.168969,0.087401,0.081568,0,1,0,0,0,11,4,2,3,2,1,2,1,0
175.45.176.1,6895,149.171.126.14,179,tcp,FIN,0.576443,774,556,254,252,4,3,-,9978.436523,6952.98584,14,10,255,743939513,3958523474,55,56,0,0,2250.187029,70.304961,1421932759,43.246001,56.634109,0.097807,0.066725,0.031082,0,1,0,0,0,5,4,1,8,1,1,1,1,0
175.45.176.0,62147,149.171.126.13,520,udp,INT,5e-06,1064,0,254,0,0,0,-,851200000.0,0.0,2,0,0,0,0,532,0,0,0,0.0,0.0,1421930087,0.005,0.0,0.0,0.0,0.0,0,2,0,0,0,35,35,10,10,10,1,10,0,1
175.45.176.0,16946,149.171.126.12,179,tcp,FIN,0.756855,910,268,254,252,2,1,-,8656.875977,2367.692627,10,6,255,3396810677,1458653871,91,45,0,0,4194.912664,143.820984,1421927787,79.416667,116.788,0.263054,0.172913,0.090141,0,1,0,0,0,5,4,2,2,1,1,1,1,0
175.45.176.0,18114,149.171.126.13,921,udp,INT,8e-06,1376,0,62,0,0,0,-,688000000.0,0.0,2,0,0,0,0,688,0,0,0,0.0,0.0,1421930870,0.008,0.0,0.0,0.0,0.0,0,2,0,0,0,1,2,1,1,1,1,1,1,0
175.45.176.1,63954,149.171.126.13,520,udp,INT,1e-05,78,0,254,0,0,0,-,31200000.0,0.0,2,0,0,0,0,39,0,0,0,0.0,0.0,1421928723,0.01,0.0,0.0,0.0,0.0,0,2,0,0,0,13,7,3,5,3,2,3,1,0
175.45.176.1,65192,149.171.126.15,179,tcp,FIN,0.525489,540,354,254,252,2,1,-,7398.823242,4719.414062,10,8,255,1870905534,4162033743,54,44,0,0,3802.12825,116.738812,1421934377,55.272111,65.864859,0.124678,0.064423,0.060255,0,1,0,0,0,6,6,2,2,2,1,2,1,0
175.45.176.3,60526,149.171.126.14,179,tcp,FIN,0.591919,546,354,254,252,2,1,-,6649.558594,4189.762207,10,8,255,2347955897,832434732,55,44,0,0,3898.719563,121.678633,1421927706,62.788556,75.215711,0.132772,0.065398,0.067374,0,1,0,0,0,8,6,1,2,1,1,1,0,1
175.45.176.3,5582,149.171.126.15,520,udp,INT,3e-06,104,0,254,0,0,0,-,138666656.0,0.0,2,0,0,0,0,52,0,0,0,0.0,0.0,1421931834,0.003,0.0,0.0,0.0,0.0,0,2,0,0,0,14,5,1,6,1,1,1,0,1
175.45.176.3,59978,149.171.126.15,179,tcp,FIN,0.489339,792,678,254,252,4,4,-,12032.55859,10168.81934,14,12,255,1971775588,2226448931,57,57,0,0,1795.254211,54.064539,1421930423,37.539383,41.010363,0.0779,0.038224,0.039676,0,1,0,0,0,6,7,1,1,1,1,1,0,1
175.45.176.1,13850,149.171.126.13,445,tcp,FIN,0.772161,1066,814,254,252,3,2,-,10132.60156,7594.270996,12,10,255,1827491727,1024003288,89,81,0,0,4416.534801,127.044219,1421933921,69.037088,77.710781,0.138044,0.072754,0.06529,0,1,0,0,0,4,4,1,1,1,1,1,1,0
175.45.176.3,13303,149.171.126.14,135,tcp,FIN,0.708935,588,268,254,252,2,1,-,5980.801758,2527.735107,10,6,255,1457303055,3921835780,59,45,0,0,4102.964558,201.457016,1421930834,76.76,122.042398,0.216957,0.098719,0.118238,0,1,0,0,0,4,4,1,1,1,1,1,1,0
175.45.176.3,3978,149.171.126.18,5555,tcp,FIN,0.822374,8732,268,254,252,4,1,-,78883.82031,2179.057373,14,6,255,4032338927,377539963,624,45,0,0,3730.611922,213.016594,1421933336,60.280151,136.583203,0.221228,0.139454,0.081774,0,1,0,0,0,10,6,3,2,1,1,2,1,0
175.45.176.0,65078,149.171.126.17,179,tcp,FIN,0.709503,534,268,254,252,2,1,-,5423.514648,2525.71167,10,6,255,2226478924,3540092947,53,45,0,0,4048.154725,227.135719,1421933415,78.833667,123.419398,0.22173,0.068358,0.153372,0,1,0,0,0,3,5,2,2,1,1,1,0,1
175.45.176.0,14826,149.171.126.11,179,tcp,FIN,0.71697,1426,354,254,252,2,1,-,14326.95898,3459.000977,10,8,255,2300395877,3159641077,143,44,0,0,4621.066988,141.190625,1421928657,79.556333,94.407289,0.120135,0.056117,0.064018,0,1,0,0,0,5,5,3,3,3,1,3,0,1
175.45.176.0,5288,149.171.126.11,179,tcp,FIN,1.2229,7858,354,254,252,4,1,-,47735.70703,2027.966309,14,8,255,2261372986,623968443,561,44,0,0,5991.305255,293.450906,1421928661,87.944847,163.142422,0.183022,0.080897,0.102125,0,1,0,0,0,6,4,1,2,1,1,1,0,1
175.45.176.3,21337,149.171.126.14,135,tcp,FIN,0.800077,492,306,254,252,2,0,-,4309.584961,2629.746826,8,7,255,1180912566,3909622164,62,44,0,0,6079.903248,181.731875,1421930819,107.735431,120.395164,0.077703,0.077703,0.0,0,1,0,0,0,5,5,1,1,1,1,1,1,0
175.45.176.1,62715,149.171.126.13,520,udp,INT,3e-06,78,0,254,0,0,0,-,104000000.0,0.0,2,0,0,0,0,39,0,0,0,0.0,0.0,1421928731,0.003,0.0,0.0,0.0,0.0,0,2,0,0,0,11,8,2,3,2,1,2,1,0
175.45.176.3,10106,149.171.126.14,179,tcp,FIN,0.606736,486,354,254,252,2,1,-,5775.164062,4087.444824,10,8,255,2081290929,163351105,49,44,0,0,4049.751765,124.177,1421927709,64.647444,78.583859,0.115133,0.056641,0.058492,0,1,0,0,0,7,7,2,2,2,1,2,0,1
175.45.176.1,51883,149.171.126.11,179,tcp,FIN,0.552911,672,268,254,252,2,1,-,8753.669922,3241.028076,10,6,255,1118980336,3360373607,67,45,0,0,3405.817477,132.546703,1421928768,61.424222,81.414797,0.256444,0.14583,0.110614,0,1,0,0,0,11,6,1,2,1,1,1,0,1
175.45.176.3,7264,149.171.126.14,445,tcp,FIN,3.769766,222199,1386,254,252,85,1,-,468860.9063,2850.044189,176,32,255,525653364,978782962,1262,43,0,0,4269.60513,329.968156,1421928524,21.4878,118.543484,0.241853,0.094914,0.146939,0,1,0,0,0,6,2,2,3,1,1,1,1,0
175.45.176.2,11372,149.171.126.12,520,udp,INT,5e-06,1064,0,254,0,0,0,-,851200000.0,0.0,2,0,0,0,0,532,0,0,0,0.0,0.0,1421928444,0.005,0.0,0.0,0.0,0.0,0,2,0,0,0,2,2,1,1,1,1,1,1,0
175.45.176.0,7981,149.171.126.15,445,tcp,FIN,1.004822,994,760,254,252,3,2,-,7260.987305,5294.470215,12,8,255,3885642287,1853890461,83,95,0,0,4942.507062,153.821469,1421927995,87.890548,116.41543,0.340236,0.18991,0.150326,0,1,0,0,0,2,2,2,1,1,1,1,1,0
175.45.176.1,63542,149.171.126.18,1723,tcp,CON,0.660467,584,182,254,252,2,1,-,5898.855957,1659.431763,6,4,255,1731399884,136799972,97,46,0,0,3957.415089,278.20975,1421933415,77.929,196.732,0.229694,0.07026,0.159434,0,4,0,0,0,4,4,5,6,1,1,5,1,0
175.45.176.0,45649,149.171.126.12,3306,tcp,FIN,0.569798,608,646,254,252,2,3,-,7693.95459,8171.316895,10,10,255,2014130841,2382609240,61,65,0,0,3513.310673,76.398742,1421931185,63.310889,55.867668,0.07907,0.045183,0.033887,0,1,0,0,0,4,4,1,2,1,1,1,0,1
175.45.176.2,55095,149.171.126.17,135,tcp,FIN,0.799855,588,268,254,252,2,1,-,5300.960938,2240.406006,10,6,255,2094269691,1927658585,59,45,0,0,3732.05764,184.052188,1421931376,70.703111,139.330203,0.217127,0.103193,0.113934,0,1,0,0,0,6,2,1,1,1,1,1,1,0
175.45.176.3,30871,149.171.126.12,135,tcp,FIN,0.58995,6244,468,254,252,4,2,-,78623.60938,5559.792969,14,8,255,2660432846,2317289565,446,59,0,0,2986.033104,127.214852,1421932008,43.651771,79.135859,0.057088,0.035989,0.021099,0,1,0,0,0,9,1,1,3,1,1,1,1,0
175.45.176.3,33882,149.171.126.13,514,udp,INT,3e-06,264,0,254,0,0,0,-,352000000.0,0.0,2,0,0,0,0,132,0,0,0,0.0,0.0,1421932378,0.003,0.0,0.0,0.0,0.0,0,2,0,0,0,18,17,7,7,7,1,7,1,0
175.45.176.0,65491,149.171.126.11,179,tcp,FIN,0.468373,7858,268,254,252,4,1,-,124635.7031,3826.010498,14,6,255,4002401734,4145899831,561,45,0,0,2140.599668,123.694617,1421928610,33.764999,77.110797,0.106186,0.082815,0.023371,0,1,0,0,0,7,8,2,2,2,1,2,1,0
175.45.176.0,2990,149.171.126.14,80,tcp,FIN,0.821586,812,1084,62,252,2,2,-,7117.939941,9240.664062,10,8,255,3733233214,1042407879,81,136,0,0,4430.342873,156.027266,1421933046,91.287333,97.673289,0.238777,0.136956,0.101821,0,1,0,0,0,4,5,1,1,1,1,1,0,1
175.45.176.0,1184,149.171.126.11,445,tcp,FIN,1.039228,534,354,254,252,2,1,-,3702.748779,2386.386963,10,8,255,3205317656,1271248642,53,44,0,0,6600.660138,231.041547,1421933745,113.129667,135.424422,0.143266,0.09125,0.052016,0,1,0,0,0,6,6,2,2,1,1,2,1,0
175.45.176.1,34832,149.171.126.14,179,tcp,FIN,0.707877,713,556,254,252,3,3,-,7447.621582,5662.000977,13,10,255,809659212,4246374066,55,56,0,0,3109.219798,99.146438,1421932727,58.989751,73.106664,0.082208,0.033473,0.048735,0,1,0,0,0,5,6,2,2,2,1,2,1,0
175.45.176.2,60761,149.171.126.18,520,udp,INT,4e-06,104,0,254,0,0,0,-,104000000.0,0.0,2,0,0,0,0,52,0,0,0,0.0,0.0,1421933135,0.004,0.0,0.0,0.0,0.0,0,2,0,0,0,3,5,4,2,1,1,1,1,0
175.45.176.3,1503,149.171.126.14,135,tcp,FIN,0.679121,588,268,254,252,2,1,-,6243.364258,2638.705078,10,6,255,2796679502,1797695732,59,45,0,0,3912.207978,207.4595,1421930881,73.678889,121.904602,0.130307,0.069588,0.060719,0,1,0,0,0,3,3,1,1,1,1,1,0,1
175.45.176.0,62492,149.171.126.13,520,udp,INT,9e-06,1064,0,254,0,0,0,-,472888864.0,0.0,2,0,0,0,0,532,0,0,0,0.0,0.0,1421930097,0.009,0.0,0.0,0.0,0.0,0,2,0,0,0,31,31,9,9,9,1,9,0,1
175.45.176.0,13706,149.171.126.14,80,tcp,FIN,0.402189,810,1172,62,252,2,2,-,14500.64551,20408.31641,10,8,255,3541163294,902519064,81,147,0,0,2224.446115,55.154371,1421933542,44.687667,46.124285,0.091266,0.060435,0.030831,0,1,0,0,0,8,5,1,2,2,1,1,1,0
175.45.176.1,47008,149.171.126.11,445,tcp,FIN,0.680782,1106,772,254,252,3,2,-,11915.70801,7943.805664,12,8,255,392462342,720519339,92,97,0,0,2863.972581,91.706266,1421928174,54.384363,78.085289,0.181113,0.134179,0.046934,0,1,0,0,0,13,7,1,2,1,1,1,0,1
175.45.176.3,43284,149.171.126.11,41564,tcp,FIN,0.706841,530,354,254,252,2,1,-,5398.668457,3508.568359,10,8,255,654361127,2188219512,53,44,0,0,5250.752921,153.394703,1421933774,77.248444,91.255859,0.163111,0.06804,0.095071,0,1,0,0,0,1,4,3,1,1,1,1,1,0
175.45.176.1,16649,149.171.126.11,179,tcp,FIN,0.542031,526,268,254,252,2,1,-,6995.910156,3306.083984,10,6,255,2617055518,3486815781,53,45,0,0,3123.13326,136.420266,1421928757,60.121,90.361,0.13204,0.090216,0.041824,0,1,0,0,0,13,6,2,4,2,1,2,0,1
175.45.176.1,48626,149.171.126.12,514,udp,INT,1e-05,314,0,254,0,0,0,-,125600000.0,0.0,2,0,0,0,0,157,0,0,0,0.0,0.0,1421929209,0.01,0.0,0.0,0.0,0.0,0,2,0,0,0,4,4,4,4,4,1,4,0,1
175.45.176.0,9477,149.171.126.13,520,udp,INT,5e-06,1064,0,254,0,0,0,-,851200000.0,0.0,2,0,0,0,0,532,0,0,0,0.0,0.0,1421930086,0.005,0.0,0.0,0.0,0.0,0,2,0,0,0,30,30,8,8,8,1,8,1,0
175.45.176.3,23333,149.171.126.13,445,tcp,FIN,2.280002,1014,846,254,252,3,2,-,3263.154785,2673.681641,12,10,255,187061919,3887979947,85,85,0,0,12246.91209,363.422875,1421927957,207.272912,232.694437,0.247938,0.185155,0.062783,0,1,0,0,0,1,4,1,1,1,1,1,0,1
175.45.176.1,64545,149.171.126.13,179,tcp,FIN,0.56063,4938,354,254,252,3,1,-,64598.75391,4423.594727,12,8,255,390409790,2932470725,412,44,0,0,3550.291134,114.40825,1421931162,48.746272,70.37643,0.101919,0.067984,0.033935,0,1,0,0,0,7,6,2,5,2,1,2,0,1
175.45.176.1,54650,149.171.126.11,179,tcp,FIN,0.63487,538,354,254,252,2,1,-,6111.487305,3906.311523,10,8,255,4175522508,4160834361,54,44,0,0,4523.357404,118.971523,1421928726,70.412667,77.962289,0.148819,0.089132,0.059687,0,1,0,0,0,10,3,1,2,1,1,1,1,0
175.45.176.0,33672,149.171.126.11,445,tcp,FIN,0.396856,534,268,254,252,2,1,-,9696.211914,4515.491699,10,6,255,601758040,1514827136,53,45,0,0,2331.377203,103.030203,1421933750,44.059889,66.736602,0.142451,0.063169,0.079282,0,1,0,0,0,5,5,2,2,2,1,2,1,0
175.45.176.3,47385,149.171.126.14,445,tcp,FIN,2.126768,262860,1472,254,252,100,1,-,983968.125,5375.291992,206,34,255,2740368606,475157188,1276,43,0,0,1171.615049,85.877609,1421928552,10.267707,61.578848,0.17347,0.094663,0.078807,0,1,0,0,0,9,1,1,3,1,1,1,0,1
175.45.176.0,10947,149.171.126.10,179,tcp,FIN,0.523813,534,268,254,252,2,0,-,7346.132812,3421.068115,10,6,255,3781964560,1067868992,53,45,0,0,1077980.85,40185.72,1421931547,10832.6876,18054.334,0.140668,0.075099,0.065569,0,1,0,0,0,6,10,6,6,5,2,5,1,0
175.45.176.3,46550,149.171.126.14,135,tcp,FIN,0.757856,588,182,254,252,2,1,-,5594.730469,1446.185059,10,4,255,1215863516,3345716199,59,46,0,0,4501.81066,279.921187,1421930822,84.206222,197.937672,0.161261,0.104093,0.057168,0,1,0,0,0,2,2,1,2,1,1,1,1,0
175.45.176.2,54129,149.171.126.18,520,udp,INT,1.1e-05,104,0,254,0,0,0,-,37818180.0,0.0,2,0,0,0,0,52,0,0,0,0.0,0.0,1421933177,0.011,0.0,0.0,0.0,0.0,0,2,0,0,0,4,4,2,1,1,1,1,1,0
175.45.176.3,3126,149.171.126.15,179,tcp,FIN,0.814959,910,642,254,252,5,3,-,8383.244141,5781.88623,16,12,255,70236849,2726245373,57,54,0,0,3035.147642,92.331094,1421930430,54.330599,69.6,0.071283,0.037218,0.034065,0,1,0,0,0,5,4,1,2,1,1,1,0,1
175.45.176.3,12134,149.171.126.14,135,tcp,FIN,0.416789,588,268,254,252,2,1,-,10173.01367,4299.537598,10,6,255,3785414633,3239318717,59,45,0,0,2267.107002,102.948016,1421930821,46.304556,68.985203,0.128566,0.071859,0.056707,0,1,0,0,0,2,2,1,1,1,1,1,1,0
175.45.176.1,56411,149.171.126.11,179,tcp,FIN,0.337828,652,268,254,252,2,1,-,13900.56445,5304.474121,10,6,255,321129353,3713111256,65,45,0,0,1921.438727,68.721797,1421928764,35.441778,49.694199,0.117001,0.08935,0.027651,0,1,0,0,0,13,8,2,4,2,1,2,0,1
175.45.176.0,58346,149.171.126.14,80,tcp,FIN,0.890975,818,1074,62,252,2,2,-,6617.469727,8440.192383,10,8,255,190107123,207628825,82,134,0,0,5080.078739,172.196594,1421932864,98.997222,103.451289,0.193135,0.137162,0.055973,0,1,0,0,0,6,6,1,1,1,1,1,0,1
175.45.176.2,53652,149.171.126.12,514,udp,INT,1.2e-05,2150,0,254,0,0,0,-,716666624.0,0.0,2,0,0,0,0,1075,0,0,0,0.0,0.0,1421933775,0.012,0.0,0.0,0.0,0.0,0,2,0,0,0,8,7,3,3,3,1,3,0,1
175.45.176.0,1259,149.171.126.12,3306,tcp,FIN,0.768788,608,646,254,252,2,3,-,5702.482422,6056.286133,10,10,255,3535575014,1004318391,61,65,0,0,5594.84914,145.162266,1421931226,85.420889,78.497664,0.0938,0.061399,0.032401,0,1,0,0,0,3,4,1,1,1,1,1,1,0
175.45.176.1,31496,149.171.126.14,445,tcp,FIN,1.202281,986,760,254,252,3,2,-,6015.23291,4424.922363,12,8,255,3001720639,2959253312,82,95,0,0,5421.682162,204.921578,1421927963,103.816544,159.544578,0.187915,0.085466,0.102449,0,1,0,0,0,4,3,1,1,1,1,1,0,1
149.171.126.15,14169,175.45.176.3,58602,tcp,FIN,0.996625,364,359,252,254,1,2,-,2560.64209,2528.533691,8,8,255,135829446,2179486821,46,45,0,0,9174.812697,286.062656,1421932687,142.375004,134.964578,0.215232,0.050934,0.164298,0,0,0,0,0,1,1,1,1,1,1,1,0,1
175.45.176.1,51147,149.171.126.15,2115,tcp,FIN,1.164488,458,370,254,252,2,2,-,2837.298584,2225.871094,10,8,255,1736342581,73092739,46,46,0,0,6672.889573,230.174328,1421928406,129.385667,140.036,0.275307,0.184225,0.091082,0,1,0,0,0,2,1,1,3,1,1,1,0,1
175.45.176.1,63954,149.171.126.13,520,udp,INT,1e-05,78,0,254,0,0,0,-,31200000.0,0.0,2,0,0,0,0,39,0,0,0,0.0,0.0,1421928723,0.01,0.0,0.0,0.0,0.0,0,2,0,0,0,13,7,3,5,3,2,3,1,0
175.45.176.3,13671,149.171.126.15,520,udp,INT,6e-06,104,0,254,0,0,0,-,69333328.0,0.0,2,0,0,0,0,52,0,0,0,0.0,0.0,1421931804,0.006,0.0,0.0,0.0,0.0,0,2,0,0,0,8,6,2,3,2,1,2,1,0
175.45.176.3,59513,149.171.126.11,445,tcp,FIN,0.647401,994,856,254,252,3,2,-,11269.67676,9527.326172,12,10,255,81614281,3635684706,83,86,0,0,3822.57382,104.341117,1421934384,58.854636,60.986777,0.10269,0.062887,0.039803,0,1,0,0,0,6,6,2,2,2,1,2,0,1
175.45.176.3,49398,149.171.126.15,389,tcp,FIN,3.054864,110384,784,254,252,42,1,-,285860.1875,1940.511963,90,18,255,3148567568,3993859699,1226,44,0,0,6047.113577,430.669219,1421931283,34.324315,168.818172,0.210551,0.164971,0.04558,0,1,0,0,0,1,3,1,1,1,1,1,1,0
175.45.176.1,36314,149.171.126.15,179,tcp,FIN,0.387554,558,268,254,252,2,1,-,10383.06934,4623.87207,10,6,255,2965966608,999946656,56,45,0,0,2130.174631,90.117094,1421934449,43.061556,61.671602,0.134215,0.078388,0.055827,0,1,0,0,0,5,5,2,2,2,1,2,0,1
175.45.176.0,64766,149.171.126.17,179,tcp,FIN,4.397972,534,354,254,252,2,1,-,874.94873,563.89624,10,8,255,2211145370,2189914821,53,44,0,0,31183.09279,1070.13525,1421933274,488.663556,598.349438,0.250395,0.131563,0.118832,0,1,0,0,0,3,1,1,2,1,1,1,1,0
175.45.176.1,5037,149.171.126.11,179,tcp,FIN,0.875208,23872,764,254,252,11,4,-,210418.5469,6489.885742,28,14,255,562736733,579599364,853,55,0,0,2364.104769,68.91707,1421929851,32.415112,50.878539,0.241926,0.188867,0.053059,0,1,0,0,0,4,4,1,1,1,1,1,1,0
175.45.176.2,62677,149.171.126.12,520,udp,INT,50.821129,2128,0,254,0,0,0,-,251.234085,0.0,4,0,0,0,0,532,0,0,0,23957.298,0.0,1421928473,16940.376,0.0,0.0,0.0,0.0,0,2,0,0,0,5,6,3,2,2,1,2,1,0
175.45.176.1,62171,149.171.126.14,179,tcp,FIN,0.613409,774,556,254,252,4,3,-,9377.104492,6533.976562,14,10,255,2985885489,1220251828,55,56,0,0,2309.601459,73.900836,1421932764,44.128846,63.263109,0.081973,0.044038,0.037935,0,1,0,0,0,6,6,2,1,1,1,1,1,0
175.45.176.1,51735,149.171.126.13,520,udp,INT,2e-06,78,0,254,0,0,0,-,156000000.0,0.0,2,0,0,0,0,39,0,0,0,0.0,0.0,1421928719,0.002,0.0,0.0,0.0,0.0,0,2,0,0,0,13,6,3,3,2,1,2,1,0
175.45.176.2,50493,149.171.126.18,520,udp,INT,1e-05,104,0,254,0,0,0,-,41600000.0,0.0,2,0,0,0,0,52,0,0,0,0.0,0.0,1421933153,0.01,0.0,0.0,0.0,0.0,0,2,0,0,0,2,3,2,1,1,1,1,1,0
175.45.176.1,46059,149.171.126.11,179,tcp,FIN,0.657673,668,268,254,252,2,1,-,7322.788086,2724.758301,10,6,255,3342925331,424772355,67,45,0,0,3484.174806,156.749063,1421928788,73.069778,117.716203,0.192504,0.069081,0.123423,0,1,0,0,0,9,3,1,2,1,1,1,0,1
175.45.176.0,11581,149.171.126.15,445,tcp,FIN,1.29533,994,742,254,252,3,2,-,5632.541504,4014.420898,12,8,255,1527771008,2332606487,83,93,0,0,6859.779643,289.610281,1421928121,114.75582,169.131859,0.181642,0.111404,0.070238,0,1,0,0,0,1,1,2,1,1,1,1,0,1
175.45.176.1,16727,149.171.126.17,179,tcp,FIN,0.839887,606,354,254,252,2,1,-,5200.699707,2952.778076,10,8,255,1392386613,247001441,61,44,0,0,5109.235021,180.953547,1421928160,89.467333,98.07743,0.264889,0.153344,0.111545,0,1,0,0,0,4,2,1,2,1,1,1,0,1
175.45.176.1,48430,149.171.126.11,445,tcp,FIN,2.022649,986,810,254,252,3,2,-,3575.509033,2883.347412,12,10,255,706281993,937902216,82,81,0,0,11303.6905,295.222375,1421928010,176.448634,216.921672,0.158352,0.070352,0.088,0,1,0,0,0,2,1,1,2,2,1,1,0,1
175.45.176.2,60452,149.171.126.13,21,tcp,FIN,2.399197,922,854,254,252,4,4,ftp,2904.304932,2670.893555,18,16,255,3900644472,1120459111,51,53,0,0,8125.618129,226.833031,1421931090,141.129235,155.690734,0.100654,0.063112,0.037542,0,1,0,0,0,2,2,1,1,1,1,1,1,0
175.45.176.0,40936,149.171.126.16,445,tcp,FIN,1.717662,1074,884,254,252,3,2,-,4587.631348,3777.227539,12,12,255,3137978651,1936667472,90,74,0,0,8638.372696,229.907516,1421931940,156.137278,150.214547,0.09851,0.065291,0.033219,0,1,0,0,0,1,1,1,2,1,1,1,0,1
175.45.176.1,62248,149.171.126.11,179,tcp,FIN,0.686472,27360,764,254,252,12,4,-,308219.4063,8274.19043,30,14,255,922866461,3386185378,912,55,0,0,1770.632236,78.823547,1421929834,23.671449,48.526617,0.093899,0.039609,0.05429,0,1,0,0,0,5,4,1,2,1,1,1,1,0
175.45.176.1,26534,149.171.126.11,179,tcp,FIN,0.364985,574,268,254,252,2,1,-,11331.97266,4909.791016,10,6,255,2927543988,3662408512,57,45,0,0,1941.499708,90.811172,1421928768,38.773222,61.531398,0.119998,0.057326,0.062672,0,1,0,0,0,13,8,1,1,1,1,1,0,1
175.45.176.1,32102,149.171.126.14,445,tcp,FIN,2.071718,1078,788,254,252,3,2,-,3819.052734,2741.686035,12,10,255,545021386,2485563320,90,79,0,0,10738.45581,347.327906,1421927968,184.929097,214.721891,0.226435,0.13922,0.087215,0,1,0,0,0,6,4,2,2,2,1,1,0,1
175.45.176.1,35310,149.171.126.14,179,tcp,FIN,0.837493,774,642,254,252,4,3,-,6868.117188,5626.31543,14,12,255,2121517937,1495000481,55,54,0,0,3821.084088,105.414055,1421932770,61.993002,71.602453,0.087099,0.049863,0.037236,0,1,0,0,0,5,4,1,5,1,1,1,1,0
175.45.176.0,42812,149.171.126.14,80,tcp,FIN,0.904636,820,1108,62,252,2,2,-,6526.381836,8578.035156,10,8,255,1629112165,2257556909,82,139,0,0,5547.267177,226.032984,1421933501,100.506333,120.587859,0.120767,0.06051,0.060257,0,1,0,0,0,5,3,1,1,1,1,1,1,0
175.45.176.0,54588,149.171.126.15,179,tcp,FIN,1.253535,67963,612,254,252,26,1,-,426263.3125,3631.330566,58,14,255,3354760925,1203879764,1172,44,0,0,2128.585089,101.346805,1421931688,21.975474,90.050461,0.212691,0.082869,0.129822,0,1,0,0,0,6,2,1,3,3,1,1,0,1
175.45.176.1,33474,149.171.126.13,179,tcp,FIN,0.648334,2050,354,254,252,2,1,-,22766.04297,3825.188721,10,8,255,2235321905,2008474954,205,44,0,0,4251.136853,134.884469,1421931173,66.178444,84.198711,0.148492,0.058932,0.08956,0,1,0,0,0,4,4,1,5,1,1,1,0,1
175.45.176.0,2291,149.171.126.12,179,tcp,FIN,1.091374,718,354,254,252,2,1,-,4742.645508,2272.364746,10,8,255,1047147067,616838765,72,44,0,0,7519.849931,187.592953,1421927849,116.832889,139.392859,0.193705,0.115622,0.078083,0,1,0,0,0,3,3,1,1,1,1,1,0,1
175.45.176.3,42454,149.171.126.15,179,tcp,FIN,0.82324,904,556,254,252,5,3,-,8240.610352,4868.568359,16,10,255,3678186511,964551018,57,56,0,0,2921.940139,105.369992,1421930355,49.682201,85.483781,0.092565,0.053877,0.038688,0,1,0,0,0,5,4,2,2,2,2,2,1,0
175.45.176.2,50040,149.171.126.10,179,tcp,FIN,0.965646,534,354,254,252,2,1,-,3984.896973,2568.22876,10,8,255,3823472834,2369269585,53,44,0,0,6301.332598,211.437672,1421930709,105.758889,130.966141,0.11141,0.04888,0.06253,0,1,0,0,0,3,3,2,2,1,1,1,1,0
175.45.176.0,50321,149.171.126.15,179,tcp,FIN,0.784207,34090,354,254,252,13,1,-,336900.8438,3162.43042,32,8,255,1996111577,3401477081,1065,44,0,0,2487.861002,112.551484,1421931678,24.141806,92.864711,0.225153,0.134147,0.091006,0,1,0,0,0,8,3,1,1,1,1,1,1,0
175.45.176.3,6106,149.171.126.14,445,tcp,FIN,0.716019,1002,832,254,252,3,2,-,10267.88477,8368.493164,12,10,255,847264697,777068796,84,83,0,0,4258.473838,117.974969,1421932203,61.944452,70.913891,0.15853,0.077783,0.080747,0,1,0,0,0,5,5,1,1,1,1,1,1,0
175.45.176.1,55703,149.171.126.11,179,tcp,FIN,0.309782,534,268,254,252,2,1,-,12421.63867,5784.713379,10,6,255,3371004876,1889159616,53,45,0,0,1735.371567,64.895559,1421928764,32.573556,45.624602,0.112994,0.081658,0.031336,0,1,0,0,0,13,8,2,4,2,1,2,0,1
175.45.176.2,62573,149.171.126.12,520,udp,INT,2e-06,1064,0,254,0,0,0,-,2128000000.0,0.0,2,0,0,0,0,532,0,0,0,0.0,0.0,1421928463,0.002,0.0,0.0,0.0,0.0,0,2,0,0,0,3,3,1,1,1,1,1,1,0
175.45.176.1,27732,149.171.126.15,179,tcp,FIN,1.014665,1822,354,254,252,2,1,-,12930.37598,2444.156494,10,8,255,3301974108,2557773141,182,44,0,0,7064.14238,189.388141,1421931302,109.956111,134.376578,0.148511,0.074021,0.07449,0,1,0,0,0,2,2,1,4,1,1,1,1,0
175.45.176.2,5867,149.171.126.10,58824,tcp,FIN,0.790706,572,354,254,252,2,1,-,5210.533691,3136.437744,10,8,255,3475606255,4263392554,57,44,0,0,5763.075629,148.673516,1421928654,83.171556,102.68843,0.132024,0.071879,0.060145,0,1,0,0,0,2,2,1,1,1,1,1,1,0
175.45.176.3,63261,149.171.126.15,179,tcp,FIN,0.612311,534,268,254,252,2,1,-,6284.388184,2926.617432,10,6,255,1526560174,3326306861,53,45,0,0,3151.623155,142.33025,1421928303,61.191111,103.246602,0.199084,0.096077,0.103007,0,1,0,0,0,3,1,1,1,1,1,1,1,0
175.45.176.3,19655,149.171.126.15,520,udp,INT,9e-06,104,0,254,0,0,0,-,46222220.0,0.0,2,0,0,0,0,52,0,0,0,0.0,0.0,1421931827,0.009,0.0,0.0,0.0,0.0,0,2,0,0,0,9,5,1,2,1,1,1,0,1
175.45.176.1,60694,149.171.126.18,445,tcp,FIN,1.513424,1106,814,254,252,3,2,-,5360.03125,3874.657715,12,10,255,1568565385,3860942428,92,81,0,0,8124.62122,211.598531,1421928043,132.183548,158.849109,0.197559,0.083775,0.113784,0,1,0,0,0,6,4,1,4,2,1,1,0,1
175.45.176.2,60136,149.171.126.18,520,udp,INT,2e-06,104,0,254,0,0,0,-,208000000.0,0.0,2,0,0,0,0,52,0,0,0,0.0,0.0,1421933152,0.002,0.0,0.0,0.0,0.0,0,2,0,0,0,2,3,1,1,1,1,1,1,0
175.45.176.1,60345,149.171.126.13,445,tcp,FIN,0.480958,2026,736,254,252,3,2,-,30904.98438,10711.9541,12,8,255,3156936037,1018174288,169,92,0,0,2125.212301,73.209258,1421933954,41.864818,59.94257,0.109515,0.061352,0.048163,0,1,0,0,0,6,7,2,2,2,1,2,1,0
175.45.176.0,42573,149.171.126.17,179,tcp,FIN,0.990097,534,268,254,252,2,1,-,3886.488037,1809.923706,10,6,255,2256527222,1410664155,53,45,0,0,6210.844003,313.444313,1421933456,104.313667,186.747406,0.157488,0.056353,0.101135,0,1,0,0,0,5,3,1,1,1,1,1,0,1
175.45.176.0,4394,149.171.126.16,445,tcp,FIN,1.042221,3394,742,254,252,3,2,-,23887.44922,4989.345215,12,8,255,2605854535,1765379604,283,93,0,0,5834.809115,239.543781,1421933898,94.747365,118.927711,0.513929,0.180548,0.333381,0,1,0,0,0,6,5,2,3,2,1,2,1,0
175.45.176.1,18217,149.171.126.12,179,tcp,FIN,1.3736,904,642,254,252,5,3,-,4938.84668,3430.401855,16,12,255,846452771,233350614,57,54,0,0,5625.500645,159.718969,1421930735,91.573334,118.34218,0.122841,0.071253,0.051588,0,1,0,0,0,10,10,1,1,1,1,1,1,0
175.45.176.0,18455,149.171.126.12,3306,tcp,FIN,0.655968,608,646,254,252,2,3,-,6683.25293,7097.907227,10,10,255,711142675,3239602322,61,65,0,0,3809.85105,79.397945,1421931311,72.885333,65.355109,0.129918,0.067,0.062918,0,1,0,0,0,4,5,1,1,1,1,1,0,1
175.45.176.0,8869,149.171.126.15,445,tcp,FIN,0.98795,994,718,254,252,3,2,-,7384.98877,5093.375,12,8,255,4018517678,2271565140,83,90,0,0,4887.776186,155.247141,1421928037,84.98827,120.55243,0.226311,0.14408,0.082231,0,1,0,0,0,2,1,1,2,1,1,1,1,0
175.45.176.0,65423,149.171.126.11,179,tcp,FIN,0.556362,754,354,254,252,2,1,-,9763.427734,4457.529785,10,8,255,3215851366,2730795207,75,44,0,0,3823.06112,110.022195,1421928647,57.368333,67.163141,0.114438,0.086212,0.028226,0,1,0,0,0,6,6,2,2,2,1,2,0,1
175.45.176.3,1154,149.171.126.14,80,tcp,FIN,1.500868,68115,612,254,252,26,1,-,356812.1875,3032.911621,58,14,255,509323291,2124518107,1174,44,1,0,2468.769166,147.167578,1421928053,26.32879,107.847,0.183063,0.098854,0.084209,0,1,1,0,0,2,2,1,1,1,1,1,1,0
175.45.176.3,19433,149.171.126.13,514,udp,INT,1e-06,236,0,254,0,0,0,-,944000000.0,0.0,2,0,0,0,0,118,0,0,0,0.0,0.0,1421932386,0.001,0.0,0.0,0.0,0.0,0,2,0,0,0,12,9,2,2,2,1,2,1,0
175.45.176.3,60269,149.171.126.17,514,udp,INT,6e-06,2174,0,254,0,0,0,-,1449333248.0,0.0,2,0,0,0,0,1087,0,0,0,0.0,0.0,1421933366,0.006,0.0,0.0,0.0,0.0,0,2,0,0,0,10,6,1,1,1,1,1,1,0
175.45.176.3,8324,149.171.126.14,80,tcp,FIN,1.252158,68101,612,254,252,26,1,-,427594.5938,3635.32373,58,14,255,3617333207,2364821427,1174,44,1,0,2232.360679,108.959211,1421928139,21.952088,88.885156,0.170936,0.09664,0.074296,0,1,1,0,0,1,1,1,1,1,1,1,0,1
175.45.176.1,3795,149.171.126.11,179,tcp,FIN,0.690107,30346,764,254,252,13,4,-,340793.5313,8230.607422,32,14,255,3378767523,2451509933,948,55,0,0,1669.406979,67.834141,1421929871,22.261516,44.634617,0.162429,0.108918,0.053511,0,1,0,0,0,5,5,3,4,1,1,3,0,1
175.45.176.1,22164,149.171.126.11,445,tcp,FIN,1.58804,1106,830,254,252,3,2,-,5108.183594,3763.129395,12,10,255,493795842,3201295369,92,83,0,0,8059.933349,211.825016,1421928100,140.698273,166.282,0.169468,0.091501,0.077967,0,1,0,0,0,4,1,1,1,1,1,1,0,1
175.45.176.3,63006,149.171.126.11,1723,tcp,FIN,0.419342,268,268,254,252,1,1,-,4273.361328,4273.361328,6,6,255,2785246933,3699831802,45,45,0,0,5107.560381,98.649469,1421932614,79.7608,65.664398,0.091017,0.091017,0.0,0,1,0,0,0,6,6,2,1,1,1,1,0,1
175.45.176.0,47488,149.171.126.11,445,tcp,FIN,0.617588,740,354,254,252,2,1,-,8627.111328,4015.62207,10,8,255,4066236589,891444850,74,44,0,0,4183.143912,116.140078,1421928886,65.764667,77.687289,0.126538,0.073766,0.052772,0,1,0,0,0,1,9,2,1,1,1,1,1,0
175.45.176.2,50507,149.171.126.10,179,tcp,FIN,1.102935,534,354,254,252,2,1,-,3488.873047,2248.545898,10,8,255,3704008575,697306793,53,44,0,0,6910.172695,269.514531,1421930694,119.64,148.368859,0.12593,0.064342,0.061588,0,1,0,0,0,2,2,2,1,1,1,1,1,0
175.45.176.0,30733,149.171.126.12,515,tcp,FIN,4.12762,1817,877,254,252,8,8,-,3387.908691,1616.427734,26,20,255,4064377307,2780800669,70,44,0,0,11000.38559,403.504062,1421933141,165.069795,213.660047,0.145388,0.068076,0.077312,0,1,0,0,0,9,2,2,2,2,1,2,1,0
175.45.176.3,2048,149.171.126.13,48879,icmp,ECO,0.0,120,0,254,0,0,0,-,96000000.0,0.0,2,0,0,0,0,60,0,0,0,0.0,0.0,1421932424,0.005,0.0,0.0,0.0,0.0,0,0,0,0,0,1,1,1,1,1,1,1,0,1
175.45.176.2,50450,149.171.126.10,179,tcp,FIN,0.360555,534,268,254,252,2,1,-,10672.43555,4970.115723,10,6,255,308081317,2852361639,53,45,0,0,1922.930308,89.595,1421930948,37.375667,60.616199,0.100018,0.057466,0.042552,0,1,0,0,0,5,6,2,2,2,2,2,1,0
175.45.176.1,12982,149.171.126.13,135,tcp,FIN,0.20393,1612,268,254,252,2,1,-,56921.49219,8787.329102,10,6,255,113980072,2109878319,161,45,0,0,1098.207558,57.056477,1421929661,21.002889,36.657,0.046439,0.020636,0.025803,0,1,0,0,0,9,9,1,1,1,1,1,1,0
175.45.176.1,59381,149.171.126.15,179,tcp,FIN,0.352233,488,268,254,252,1,1,-,5087.541504,9698.125977,8,6,255,642744121,3305191380,61,45,0,0,50.499453,102.83225,1421934438,41.657145,70.309797,0.0,0.0,0.0,0,1,0,0,0,6,6,2,2,2,1,2,0,1
175.45.176.1,55822,149.171.126.11,179,tcp,FIN,1.31309,664,354,254,252,2,1,-,3643.314697,1888.674805,10,8,255,2100281399,3109587975,66,44,0,0,8478.563116,336.952063,1421928813,145.898889,167.362,0.136477,0.098378,0.038099,0,1,0,0,0,15,3,1,5,1,1,1,0,1
175.45.176.1,7068,149.171.126.11,179,tcp,FIN,0.885584,27464,850,254,252,12,4,-,239832.7031,7199.768555,30,16,255,3451840125,2137311558,915,53,0,0,2648.200497,89.499555,1421929825,30.537378,54.543266,0.103906,0.055548,0.048358,0,1,0,0,0,5,5,1,1,1,1,1,1,0
175.45.176.1,35072,149.171.126.14,179,tcp,FIN,48.402599,1548,1198,254,252,16,11,-,246.763611,189.08075,28,22,255,2676961420,1170787094,55,54,0,0,285405.638,9990.325,1421932814,1792.133149,2301.3865,0.141785,0.073468,0.068317,0,1,0,0,0,6,9,3,3,1,1,1,1,0
175.45.176.1,3051,149.171.126.13,179,tcp,FIN,0.66495,898,354,254,252,2,1,-,9733.0625,3729.60376,10,8,255,571608298,508546623,90,44,0,0,4792.043079,127.104516,1421931160,70.758556,87.629,0.133623,0.051539,0.082084,0,1,0,0,0,5,4,1,1,1,1,1,0,1
175.45.176.2,63517,149.171.126.10,179,tcp,FIN,1.181741,534,354,254,252,2,1,-,3256.212646,2098.598633,10,8,255,1709376196,1822807089,53,44,0,0,7178.681142,239.255,1421930743,131.304556,153.924719,0.209708,0.103544,0.106164,0,1,0,0,0,2,2,1,1,1,1,1,0,1
175.45.176.3,45673,149.171.126.15,80,tcp,FIN,1.033064,68193,612,254,252,27,1,-,519286.3125,4406.30957,60,14,255,535603000,2260482232,1137,44,1,0,1692.692911,93.057359,1421932087,16.955526,72.986234,0.152485,0.084233,0.068252,0,1,1,0,0,4,4,1,1,1,1,1,0,1
175.45.176.1,28828,149.171.126.12,514,udp,INT,7e-06,122,0,254,0,0,0,-,69714288.0,0.0,2,0,0,0,0,61,0,0,0,0.0,0.0,1421929207,0.007,0.0,0.0,0.0,0.0,0,2,0,0,0,30,30,14,14,14,1,14,0,1
175.45.176.3,50247,149.171.126.12,13531,udp,INT,1.2e-05,208,0,254,0,0,0,-,69333328.0,0.0,2,0,0,0,0,104,0,0,0,0.0,0.0,1421929626,0.012,0.0,0.0,0.0,0.0,0,2,0,0,0,2,1,1,1,1,1,1,1,0
175.45.176.2,59241,149.171.126.12,520,udp,INT,3e-06,104,0,254,0,0,0,-,138666656.0,0.0,2,0,0,0,0,52,0,0,0,0.0,0.0,1421931385,0.003,0.0,0.0,0.0,0.0,0,2,0,0,0,6,5,1,1,1,1,1,0,1
175.45.176.0,46525,149.171.126.16,445,tcp,FIN,0.670179,1002,842,254,252,3,2,-,10970.20313,9048.329102,12,10,255,1939120890,3387534090,84,84,0,0,4133.205422,121.146555,1421931860,60.925361,71.260445,0.078359,0.028184,0.050175,0,1,0,0,0,4,4,1,2,1,1,1,1,0
175.45.176.3,23523,149.171.126.18,1723,tcp,FIN,0.918209,2516,268,254,252,2,1,-,19734.06836,1951.625366,10,6,255,1704318187,3725517955,252,45,0,0,5335.995891,272.852844,1421933307,95.880444,170.691594,0.121879,0.06474,0.057139,0,1,0,0,0,2,1,1,2,1,1,1,0,1
175.45.176.0,15842,149.171.126.14,80,tcp,FIN,1.336678,840,1442,62,252,2,2,-,4524.649902,7768.512695,10,10,255,1738293708,3880775210,84,144,0,0,8417.948314,325.338156,1421933220,148.519778,134.161891,0.21056,0.099869,0.110691,0,1,0,0,0,5,2,1,1,1,1,1,0,1
175.45.176.1,2630,149.171.126.16,445,tcp,FIN,0.445511,1002,732,254,252,3,2,-,16502.39844,11510.37793,12,8,255,2393811920,1779270627,84,92,0,0,2081.207542,77.690805,1421934207,38.770181,58.21443,0.078336,0.038,0.040336,0,1,0,0,0,5,4,2,2,2,1,2,0,1
175.45.176.3,62027,149.171.126.11,1723,tcp,FIN,0.795268,756,354,254,252,2,1,-,6850.520996,3118.445557,10,8,255,217225083,360227489,76,44,0,0,6030.093116,160.104703,1421932618,88.363111,100.394711,0.136801,0.056513,0.080288,0,1,0,0,0,4,4,1,2,1,1,1,0,1
175.45.176.3,9026,149.171.126.11,6661,tcp,FIN,2.278568,4764,354,254,252,3,1,-,15332.43652,1088.402832,12,8,255,1463431984,760155939,397,44,0,0,15718.82502,471.578281,1421933406,203.863733,305.424719,0.321963,0.140579,0.181384,0,1,0,0,0,5,2,2,3,1,1,1,1,0
175.45.176.0,29112,149.171.126.12,179,tcp,FIN,0.510333,3678,268,254,252,3,1,-,52859.60156,3511.432617,12,6,255,1944123016,2492159243,307,45,0,0,2479.676332,126.356555,1421927781,44.623544,83.800203,0.170371,0.091322,0.079049,0,1,0,0,0,5,4,1,1,1,1,1,1,0
175.45.176.1,65474,149.171.126.15,179,tcp,FIN,0.368406,582,268,254,252,2,1,-,11378.75098,4864.19873,10,6,255,1173803360,4056186246,58,45,0,0,2047.371682,91.529125,1421934416,40.934,60.429801,0.124095,0.065607,0.058488,0,1,0,0,0,9,9,1,1,1,1,1,0,1
175.45.176.3,45188,149.171.126.15,80,tcp,FIN,0.780063,68189,612,254,252,27,1,http,687667.5625,5835.42627,60,14,255,3788067240,3429617587,1136,44,0,0,1333.001814,67.808289,1421932081,12.987576,54.872539,0.092079,0.066712,0.025367,0,1,0,0,0,5,5,1,1,1,1,1,1,0
175.45.176.0,61240,149.171.126.12,3306,tcp,FIN,0.688363,608,646,254,252,2,3,-,6368.732422,6763.873047,10,10,255,1556279942,3634539232,61,65,0,0,3910.483717,82.090305,1421931250,76.453,67.120555,0.133931,0.084274,0.049657,0,1,0,0,0,2,2,1,1,1,1,1,0,1
175.45.176.2,13368,149.171.126.18,2954,tcp,FIN,2.38616,492,354,254,252,2,1,-,1485.231567,1039.326782,10,8,255,3855561780,1513106408,49,44,0,0,15107.61164,516.530625,1421933409,256.317111,330.241562,0.187749,0.074451,0.113298,0,1,0,0,0,2,4,2,2,1,1,1,1,0
175.45.176.1,10295,149.171.126.11,179,tcp,FIN,0.661914,29350,728,254,252,14,3,-,344298.5,8170.245605,34,14,255,579138550,224131258,863,52,0,0,2012.052319,84.038813,1421929819,19.801333,47.110152,0.094146,0.049475,0.044671,0,1,0,0,0,4,4,2,2,2,1,2,1,0
175.45.176.2,6805,149.171.126.17,135,tcp,FIN,0.398224,588,268,254,252,2,1,-,10647.27441,4499.97998,10,6,255,3462200934,189059410,59,45,0,0,2226.475517,113.346273,1421931388,44.247111,66.714398,0.135145,0.064083,0.071062,0,1,0,0,0,10,4,1,3,1,1,1,1,0
175.45.176.0,8488,149.171.126.12,3306,tcp,FIN,1.394975,608,562,254,252,2,3,-,3142.70874,2901.844238,10,10,255,4138510031,1982449041,61,56,0,0,10071.03412,255.390094,1421931381,154.997222,146.577891,0.147686,0.075007,0.072679,0,1,0,0,0,1,5,2,1,1,1,1,1,0
175.45.176.0,9453,149.171.126.10,520,udp,INT,4e-06,104,0,254,0,0,0,-,104000000.0,0.0,2,0,0,0,0,52,0,0,0,0.0,0.0,1421928444,0.004,0.0,0.0,0.0,0.0,0,2,0,0,0,4,4,2,2,2,1,2,0,1
175.45.176.0,51989,149.171.126.17,179,tcp,FIN,0.747744,534,268,254,252,2,1,-,5146.145996,2396.541992,10,6,255,1441342002,3657824817,53,45,0,0,4626.909895,231.956141,1421933458,79.109222,136.547594,0.116301,0.065002,0.051299,0,1,0,0,0,7,2,1,2,1,1,1,0,1
175.45.176.0,65247,149.171.126.10,179,tcp,FIN,0.547108,534,268,254,252,2,1,-,7033.346191,3275.404541,10,6,255,2422772141,529952681,53,45,0,0,3176.560414,142.315219,1421931528,55.571,91.178203,0.176101,0.09121,0.084891,0,1,0,0,0,5,3,1,1,1,1,1,0,1
175.45.176.0,63849,149.171.126.11,179,tcp,FIN,0.494547,586,268,254,252,2,1,-,8541.149414,3623.518066,10,6,255,2813837959,799578205,59,45,0,0,2658.661585,128.53793,1421928638,53.188667,82.431398,0.146675,0.082379,0.064296,0,1,0,0,0,7,6,1,2,1,1,1,0,1
175.45.176.3,26334,149.171.126.14,135,tcp,FIN,0.609118,588,268,254,252,2,1,-,6960.884766,2941.95874,10,6,255,3208570776,586045352,59,45,0,0,3733.223266,167.989188,1421930859,64.161333,107.545797,0.1458,0.071378,0.074422,0,1,0,0,0,3,3,1,1,1,1,1,1,0
175.45.176.3,53870,149.171.126.14,50000,tcp,FIN,0.80541,602,748,254,252,3,3,irc,5482.921387,6694.726562,12,10,255,1432183512,1094732749,50,75,0,0,3706.83805,125.134859,1421928781,73.219088,79.693555,0.125077,0.066201,0.058876,0,1,0,0,0,1,1,1,2,1,1,1,0,1
175.45.176.3,63315,149.171.126.15,179,tcp,FIN,0.750483,900,642,254,252,5,3,-,8996.873047,6278.623535,16,12,255,2944360769,996986739,56,54,0,0,3215.174023,103.618852,1421930343,49.520599,63.359363,0.141233,0.05352,0.087713,0,1,0,0,0,7,7,1,1,1,1,1,1,0
175.45.176.0,59496,149.171.126.18,34324,tcp,FIN,1.168279,454,372,254,252,2,2,-,2800.700684,2232.343262,10,8,255,1911164445,3447763705,45,47,0,0,6992.854089,179.339094,1421928101,129.666333,139.641578,0.347422,0.190786,0.156636,0,1,0,0,0,4,1,1,2,1,1,1,0,1
175.45.176.1,22907,149.171.126.11,179,tcp,FIN,1.445256,586,354,254,252,2,1,-,2922.665527,1715.958984,10,8,255,2610880082,2568879678,59,44,0,0,9243.629716,404.799438,1421928859,147.372889,197.366719,0.195652,0.063679,0.131973,0,1,0,0,0,14,4,1,1,1,1,1,0,1
175.45.176.1,4147,149.171.126.17,179,tcp,FIN,1.616316,512,354,254,252,2,1,-,2281.732178,1534.353516,10,8,255,3011577467,8046366,51,44,0,0,11149.76165,305.045344,1421928069,175.315333,220.371281,0.182226,0.073713,0.108513,0,1,0,0,0,4,1,1,2,1,1,1,1,0
175.45.176.0,34257,149.171.126.11,179,tcp,FIN,0.42792,754,268,254,252,2,1,-,12693.96094,4187.69873,10,6,255,2084521822,1937095374,75,45,0,0,2354.017204,114.289961,1421928617,45.304444,72.889602,0.106287,0.063469,0.042818,0,1,0,0,0,6,6,2,2,2,1,2,1,0
175.45.176.2,24841,149.171.126.18,25,tcp,FIN,1.012112,806,1096,254,252,5,4,-,5920.293457,8046.540039,14,14,255,4198805689,2462692123,58,78,0,0,4619.625665,3532.651282,1421934350,75.423387,70.061,0.101318,0.101318,0.0,0,1,0,0,0,5,2,1,2,1,1,1,1,0
175.45.176.0,62753,149.171.126.15,21,tcp,FIN,1.025222,576,682,254,252,3,4,ftp,4120.083496,4884.795898,12,12,255,254444732,3105853666,48,57,0,0,4786.578758,122.27768,1421931013,93.202001,80.072906,0.154966,0.094802,0.060164,0,1,0,0,0,3,3,1,1,1,1,1,1,0
175.45.176.3,32516,149.171.126.13,514,udp,INT,1e-06,224,0,254,0,0,0,-,896000000.0,0.0,2,0,0,0,0,112,0,0,0,0.0,0.0,1421932382,0.001,0.0,0.0,0.0,0.0,0,2,0,0,0,15,12,4,4,4,1,4,1,0
175.45.176.1,13249,149.171.126.13,445,tcp,FIN,0.8313,1006,754,254,252,3,2,-,8882.472656,6351.497559,12,8,255,742452282,224184376,84,94,0,0,3895.78152,153.906047,1421933969,75.572726,98.215859,0.192333,0.123398,0.068935,0,1,0,0,0,4,5,1,1,1,1,1,0,1
175.45.176.1,55830,149.171.126.11,179,tcp,FIN,0.611778,524,268,254,252,2,1,-,6172.17334,2929.166992,10,6,255,197929718,1778142150,52,45,0,0,3128.201041,152.431141,1421928756,62.789889,103.732797,0.164509,0.09311,0.071399,0,1,0,0,0,13,6,1,3,1,1,1,0,1
175.45.176.0,49207,149.171.126.10,80,tcp,FIN,0.540392,2316,1024,254,252,3,2,-,31429.03711,13264.44531,12,8,255,2461310460,3909601163,193,128,0,0,2354.378891,86.063023,1421933947,49.049729,70.84143,0.097671,0.044496,0.053175,0,1,0,0,0,4,3,2,1,1,1,1,1,0
175.45.176.3,59905,149.171.126.14,179,tcp,FIN,0.395141,484,268,254,252,2,1,-,8827.228516,4535.089844,10,6,255,3555472207,328983184,48,45,0,0,2190.543555,92.764789,1421927707,40.944778,63.900398,0.134967,0.075634,0.059333,0,1,0,0,0,7,7,2,2,2,1,2,0,1
175.45.176.0,12080,149.171.126.10,43654,tcp,FIN,4.789434,532,354,254,252,2,1,-,800.094543,517.806519,10,8,255,2187139181,1064952281,53,44,0,0,34814.81936,1025.265063,1421927887,532.159333,651.152312,0.389453,0.230479,0.158974,0,1,0,0,0,2,1,1,1,1,1,1,1,0
175.45.176.2,62294,149.171.126.12,520,udp,INT,4e-06,1064,0,254,0,0,0,-,1064000000.0,0.0,2,0,0,0,0,532,0,0,0,0.0,0.0,1421928425,0.004,0.0,0.0,0.0,0.0,0,2,0,0,0,3,3,1,1,1,1,1,1,0
175.45.176.1,58614,149.171.126.15,179,tcp,FIN,0.343596,622,182,254,252,2,1,-,12689.32031,3189.79248,8,4,255,1021554306,4045223869,78,46,0,0,2394.913525,119.193219,1421934445,49.085144,84.290336,0.137419,0.080804,0.056615,0,1,0,0,0,8,8,3,3,3,1,3,0,1
175.45.176.1,54498,149.171.126.11,179,tcp,FIN,0.634721,590,354,254,252,2,1,-,6692.70459,3907.22876,10,8,255,3064257569,3466966244,59,44,0,0,4316.429086,116.008906,1421928766,65.311778,79.884289,0.137666,0.075525,0.062141,0,1,0,0,0,13,8,2,3,2,1,2,0,1
175.45.176.0,14032,149.171.126.12,179,tcp,FIN,1.047153,550,354,254,252,2,1,-,3781.682373,2368.326416,10,8,255,1547409275,3809209487,55,44,0,0,6917.075887,208.608859,1421927857,110.036667,136.831,0.184234,0.089329,0.094905,0,1,0,0,0,5,4,1,2,1,1,1,0,1
175.45.176.1,1486,149.171.126.15,179,tcp,FIN,0.91221,1822,354,254,252,2,1,-,14382.65332,2718.672363,10,8,255,2583045356,1422387088,182,44,0,0,6570.944351,175.600297,1421931352,98.038556,119.518,0.14441,0.075581,0.068829,0,1,0,0,0,2,2,1,4,1,1,1,0,1
175.45.176.1,59879,149.171.126.15,179,tcp,FIN,0.538399,568,354,254,252,2,1,-,7607.741211,4606.249512,10,8,255,651902185,1810040383,57,44,0,0,3702.760497,121.121125,1421934378,59.822111,71.07143,0.111491,0.040131,0.07136,0,1,0,0,0,6,6,2,2,2,1,2,1,0
175.45.176.3,43450,149.171.126.18,1723,tcp,CON,0.57355,2344,182,254,252,2,1,-,27254.81641,1910.905762,6,4,255,1506367350,1834069482,391,46,0,0,3242.337611,215.766094,1421933428,63.7608,152.573672,0.18915,0.115827,0.073323,0,4,0,0,0,4,4,1,1,1,1,1,0,1
175.45.176.2,26854,149.171.126.16,179,tcp,FIN,0.984336,774,642,254,252,4,3,-,5843.533203,4786.983398,14,12,255,3909742368,920412747,55,54,0,0,4336.245643,158.085234,1421934353,75.657075,83.974633,0.163003,0.06061,0.102393,0,1,0,0,0,4,2,1,2,1,1,1,1,0
175.45.176.2,3415,149.171.126.12,520,udp,INT,3e-06,104,0,254,0,0,0,-,138666656.0,0.0,2,0,0,0,0,52,0,0,0,0.0,0.0,1421931391,0.003,0.0,0.0,0.0,0.0,0,2,0,0,0,8,5,1,1,1,1,1,0,1
175.45.176.3,65469,149.171.126.17,21,tcp,FIN,1.088458,634,682,254,252,3,4,ftp,4277.611328,4601.004395,12,12,255,510759670,2415733224,53,57,0,0,5508.201669,130.150891,1421928554,98.95073,92.071633,0.160634,0.075057,0.085577,0,1,0,0,0,2,2,2,2,1,1,2,0,1
175.45.176.3,6570,149.171.126.14,135,tcp,FIN,0.440349,588,268,254,252,2,1,-,9628.725586,4069.499268,10,6,255,9760270,733195541,59,45,0,0,2329.383489,107.278602,1421930815,46.541889,72.969,0.132404,0.075501,0.056903,0,1,0,0,0,5,5,2,2,2,1,2,1,0
175.45.176.2,50450,149.171.126.10,179,tcp,FIN,0.360555,534,268,254,252,2,1,-,10672.43555,4970.115723,10,6,255,308081317,2852361639,53,45,0,0,1922.930308,89.595,1421930948,37.375667,60.616199,0.100018,0.057466,0.042552,0,1,0,0,0,5,6,2,2,2,2,2,1,0
175.45.176.0,8967,149.171.126.12,3306,tcp,FIN,1.046399,608,732,254,252,2,3,-,4189.606445,5129.974121,10,12,255,3317679297,1664233382,61,61,0,0,6589.557899,126.629125,1421931220,116.168667,88.244547,0.227159,0.075703,0.151456,0,1,0,0,0,3,4,1,1,1,1,1,1,0
175.45.176.0,63670,149.171.126.11,179,tcp,FIN,0.808704,642,268,254,252,2,1,-,5717.790527,2215.891113,10,6,255,1112753942,3146310883,64,45,0,0,4722.143035,235.506406,1421928623,85.345889,142.168406,0.136907,0.097861,0.039046,0,1,0,0,0,5,5,1,1,1,1,1,1,0
175.45.176.3,22635,149.171.126.13,445,tcp,FIN,5.011488,1018,846,254,252,3,2,-,1490.974365,1216.405151,12,10,255,2010160850,1345075493,85,85,0,0,30264.46627,918.486063,1421927966,448.11117,545.734563,0.251942,0.099876,0.152066,0,1,0,0,0,2,2,1,2,1,1,1,0,1
175.45.176.1,29997,149.171.126.13,135,tcp,FIN,0.490621,1612,354,254,252,2,1,-,23659.81055,5054.818359,10,8,255,64242088,2756035981,161,44,0,0,3431.282613,102.461898,1421929701,52.245667,60.636715,0.098632,0.066153,0.032479,0,1,0,0,0,6,6,2,2,2,1,2,0,1
175.45.176.0,10100,149.171.126.17,179,tcp,FIN,1.60388,534,354,254,252,2,1,-,2399.181885,1546.250244,10,8,255,2683920665,3724147801,53,44,0,0,10959.10043,333.594125,1421933443,178.208889,220.186281,0.116962,0.061875,0.055087,0,1,0,0,0,6,2,1,1,1,1,1,0,1
175.45.176.0,8451,149.171.126.12,3306,tcp,FIN,1.031834,608,646,254,252,1,2,-,4248.745605,4512.353516,10,10,255,894538849,7002535,61,65,0,0,653664.8034,19616.63,1421931294,6639.9321,6639.888,0.082743,0.05731,0.025433,0,1,0,0,0,3,6,2,1,1,1,1,1,0
175.45.176.1,10742,149.171.126.14,179,tcp,FIN,0.791717,774,556,254,252,4,3,-,7265.222168,5062.415039,14,10,255,329245873,4043029893,55,56,0,0,2988.355553,110.961391,1421932772,57.893078,76.356109,0.161264,0.104511,0.056753,0,1,0,0,0,6,5,1,1,1,1,1,1,0
175.45.176.1,58471,149.171.126.15,179,tcp,FIN,0.504864,530,354,254,252,2,1,-,7558.47168,4912.214355,10,8,255,278123229,1035445380,53,44,0,0,3531.089507,108.182125,1421934417,56.096,62.998715,0.113239,0.063079,0.05016,0,1,0,0,0,10,10,2,2,2,1,2,0,1
175.45.176.2,58798,149.171.126.10,179,tcp,FIN,0.806755,534,268,254,252,2,1,-,4769.725586,2221.244385,10,6,255,3738238034,1103945857,53,45,0,0,4776.43614,234.758312,1421930726,83.004778,143.619406,0.127691,0.088648,0.039043,0,1,0,0,0,3,3,1,1,1,1,1,0,1
175.45.176.3,45850,149.171.126.15,80,tcp,FIN,0.927728,68191,612,254,252,27,1,-,578229.8125,4906.610352,60,14,255,3564337983,804712940,1137,44,1,0,1532.091415,88.312711,1421932085,15.714593,65.384152,0.155669,0.077716,0.077953,0,1,1,0,0,1,1,1,1,1,1,1,0,1
175.45.176.3,42548,149.171.126.11,1723,tcp,FIN,0.916815,708,268,254,252,1,1,-,5497.29248,1954.592896,9,6,255,727879827,1275351774,79,45,0,0,126.51093,247.523766,1421932615,114.48975,156.337594,0.206231,0.135127,0.071104,0,1,0,0,0,6,6,1,2,1,1,1,0,1
175.45.176.0,28771,149.171.126.12,179,tcp,FIN,0.718466,574,354,254,252,2,1,-,5756.709473,3451.798828,10,8,255,438054460,2395042100,57,44,0,0,4688.27654,167.566594,1421927776,79.829556,85.19,0.253437,0.09447,0.158967,0,1,0,0,0,4,4,1,1,1,1,1,1,0
175.45.176.1,62627,149.171.126.13,520,udp,INT,3e-06,78,0,254,0,0,0,-,104000000.0,0.0,2,0,0,0,0,39,0,0,0,0.0,0.0,1421928722,0.003,0.0,0.0,0.0,0.0,0,2,0,0,0,13,7,1,1,1,1,1,1,0
175.45.176.0,39443,149.171.126.10,80,tcp,FIN,0.685623,508,268,254,252,2,1,http,5344.044922,2613.681396,10,6,255,4043643463,1661018121,51,45,0,0,3839.694765,219.852719,1421930674,76.180333,122.184602,0.198929,0.060496,0.138433,0,1,0,0,0,4,3,1,2,1,1,1,1,0
